-- MySQL Script generated by MySQL Workbench
-- Mon Jun 19 23:28:13 2017
-- Model: New Model    Version: 1.0
-- MySQL Workbench Forward Engineering

SET @OLD_UNIQUE_CHECKS=@@UNIQUE_CHECKS, UNIQUE_CHECKS=0;
SET @OLD_FOREIGN_KEY_CHECKS=@@FOREIGN_KEY_CHECKS, FOREIGN_KEY_CHECKS=0;
SET @OLD_SQL_MODE=@@SQL_MODE, SQL_MODE='TRADITIONAL,ALLOW_INVALID_DATES';

-- -----------------------------------------------------
-- Schema mydb
-- -----------------------------------------------------
DROP SCHEMA IF EXISTS `mydb` ;

-- -----------------------------------------------------
-- Schema mydb
-- -----------------------------------------------------
CREATE SCHEMA IF NOT EXISTS `mydb` DEFAULT CHARACTER SET utf8 COLLATE utf8_spanish_ci ;
USE `mydb` ;

-- -----------------------------------------------------
-- Table `mydb`.`Pais`
-- -----------------------------------------------------
DROP TABLE IF EXISTS `mydb`.`Pais` ;

CREATE TABLE IF NOT EXISTS `mydb`.`Pais` (
  `id_pais` INT NOT NULL AUTO_INCREMENT,
  `nombre_pais` VARCHAR(45) NOT NULL,
  `bandera` VARCHAR(200) NOT NULL,
  PRIMARY KEY (`id_pais`))
ENGINE = InnoDB;


-- -----------------------------------------------------
-- Table `mydb`.`Rol`
-- -----------------------------------------------------
DROP TABLE IF EXISTS `mydb`.`Rol` ;

CREATE TABLE IF NOT EXISTS `mydb`.`Rol` (
  `id_Rol` INT NOT NULL AUTO_INCREMENT,
  `tipo` VARCHAR(45) NOT NULL,
  PRIMARY KEY (`id_Rol`))
ENGINE = InnoDB;


-- -----------------------------------------------------
-- Table `mydb`.`Region`
-- -----------------------------------------------------
DROP TABLE IF EXISTS `mydb`.`Region` ;

CREATE TABLE IF NOT EXISTS `mydb`.`Region` (
  `id_Region` INT NOT NULL AUTO_INCREMENT,
  `nombre_region` VARCHAR(45) NULL,
  `id_pais` INT NOT NULL,
  PRIMARY KEY (`id_Region`),
  INDEX `fk_pais_de_region_idx` (`id_pais` ASC),
  CONSTRAINT `fk_pais_de_region`
    FOREIGN KEY (`id_pais`)
    REFERENCES `mydb`.`Pais` (`id_pais`)
    ON DELETE NO ACTION
    ON UPDATE NO ACTION)
ENGINE = InnoDB;


-- -----------------------------------------------------
-- Table `mydb`.`Comuna`
-- -----------------------------------------------------
DROP TABLE IF EXISTS `mydb`.`Comuna` ;

CREATE TABLE IF NOT EXISTS `mydb`.`Comuna` (
  `id_comuna` INT NOT NULL AUTO_INCREMENT,
  `id_pais` INT NOT NULL,
  `nombre_comuna` VARCHAR(45) NOT NULL,
  `id_region` INT NOT NULL,
  PRIMARY KEY (`id_comuna`),
  INDEX `fk_pais_idx` (`id_pais` ASC),
  INDEX `fk_region_idx` (`id_region` ASC),
  CONSTRAINT `fk_pais`
    FOREIGN KEY (`id_pais`)
    REFERENCES `mydb`.`Pais` (`id_pais`)
    ON DELETE NO ACTION
    ON UPDATE NO ACTION,
  CONSTRAINT `fk_region`
    FOREIGN KEY (`id_region`)
    REFERENCES `mydb`.`Region` (`id_Region`)
    ON DELETE NO ACTION
    ON UPDATE NO ACTION)
ENGINE = InnoDB;


-- -----------------------------------------------------
-- Table `mydb`.`Usuario`
-- -----------------------------------------------------
DROP TABLE IF EXISTS `mydb`.`Usuario` ;

CREATE TABLE IF NOT EXISTS `mydb`.`Usuario` (
  `id_usuario` INT NOT NULL AUTO_INCREMENT,
  `nombres` VARCHAR(45) NOT NULL,
  `ape_paterno` VARCHAR(45) NOT NULL,
  `ape_materno` VARCHAR(45) NOT NULL,
  `nick` VARCHAR(45) NOT NULL,
  `correo` VARCHAR(255) NOT NULL,
  `rol` INT NOT NULL,
  `id_nacionalidad` INT NOT NULL,
  `descripcion` VARCHAR(500) NULL,
  `gustos` LONGTEXT NULL,
  `id_seguidos` LONGTEXT NULL,
  `seguidores` LONGTEXT NULL,
  `portada_img` VARCHAR(200) NULL,
  `perfil_img` VARCHAR(200) NULL,
  `comuna` INT NULL,
  `telefono` VARCHAR(13) NOT NULL,
  `fecha_registro` TIMESTAMP NOT NULL DEFAULT CURRENT_TIMESTAMP,
  `id_region` INT NOT NULL,
  PRIMARY KEY (`id_usuario`),
  UNIQUE INDEX `nick_UNIQUE` (`nick` ASC),
  INDEX `fk_nacionalidad_idx` (`id_nacionalidad` ASC),
  INDEX `fk_rol_idx` (`rol` ASC),
  INDEX `fk_comuna_idx` (`comuna` ASC),
  UNIQUE INDEX `id_usuario_UNIQUE` (`id_usuario` ASC),
  INDEX `fk_usuario_region_idx` (`id_region` ASC),
  CONSTRAINT `fk_nacionalidad`
    FOREIGN KEY (`id_nacionalidad`)
    REFERENCES `mydb`.`Pais` (`id_pais`)
    ON DELETE NO ACTION
    ON UPDATE NO ACTION,
  CONSTRAINT `fk_rol`
    FOREIGN KEY (`rol`)
    REFERENCES `mydb`.`Rol` (`id_Rol`)
    ON DELETE NO ACTION
    ON UPDATE NO ACTION,
  CONSTRAINT `fk_comuna`
    FOREIGN KEY (`comuna`)
    REFERENCES `mydb`.`Comuna` (`id_comuna`)
    ON DELETE NO ACTION
    ON UPDATE NO ACTION,
  CONSTRAINT `fk_usuario_region`
    FOREIGN KEY (`id_region`)
    REFERENCES `mydb`.`Region` (`id_Region`)
    ON DELETE NO ACTION
    ON UPDATE NO ACTION)
ENGINE = InnoDB;


-- -----------------------------------------------------
-- Table `mydb`.`Categorias`
-- -----------------------------------------------------
DROP TABLE IF EXISTS `mydb`.`Categorias` ;

CREATE TABLE IF NOT EXISTS `mydb`.`Categorias` (
  `tipo` VARCHAR(45) NOT NULL,
  PRIMARY KEY (`tipo`))
ENGINE = InnoDB;


-- -----------------------------------------------------
-- Table `mydb`.`Album`
-- -----------------------------------------------------
DROP TABLE IF EXISTS `mydb`.`Album` ;

CREATE TABLE IF NOT EXISTS `mydb`.`Album` (
  `id_album` INT NOT NULL AUTO_INCREMENT,
  `portada` VARCHAR(200) NOT NULL,
  `id_usuario` INT NOT NULL,
  `fecha` TIMESTAMP NOT NULL DEFAULT  CURRENT_TIMESTAMP,
  `tipo` VARCHAR(45) NOT NULL,
  PRIMARY KEY (`id_album`),
  INDEX `FK_ID_USUARIO_idx` (`id_usuario` ASC),
  INDEX `fk_album_tipo_idx` (`tipo` ASC),
  CONSTRAINT `FK_ID_USUARIO_album`
    FOREIGN KEY (`id_usuario`)
    REFERENCES `mydb`.`Usuario` (`id_usuario`)
    ON DELETE NO ACTION
    ON UPDATE NO ACTION,
  CONSTRAINT `fk_album_tipo`
    FOREIGN KEY (`tipo`)
    REFERENCES `mydb`.`Categorias` (`tipo`)
    ON DELETE NO ACTION
    ON UPDATE NO ACTION)
ENGINE = InnoDB;


-- -----------------------------------------------------
-- Table `mydb`.`Foto`
-- -----------------------------------------------------
DROP TABLE IF EXISTS `mydb`.`Foto` ;

CREATE TABLE IF NOT EXISTS `mydb`.`Foto` (
  `id_foto` INT NOT NULL AUTO_INCREMENT,
  `foto` VARCHAR(200) NOT NULL,
  `fecha` TIMESTAMP NOT NULL DEFAULT CURRENT_TIMESTAMP,
  `id_album` INT NULL,
  `tipo` VARCHAR(45) NOT NULL,
  PRIMARY KEY (`id_foto`),
  INDEX `FK_ID_ALBUM_idx` (`id_album` ASC),
  INDEX `fk_foto_tipo_idx` (`tipo` ASC),
  CONSTRAINT `FK_ID_ALBUM`
    FOREIGN KEY (`id_album`)
    REFERENCES `mydb`.`Album` (`id_album`)
    ON DELETE NO ACTION
    ON UPDATE NO ACTION,
  CONSTRAINT `fk_foto_tipo`
    FOREIGN KEY (`tipo`)
    REFERENCES `mydb`.`Categorias` (`tipo`)
    ON DELETE NO ACTION
    ON UPDATE NO ACTION)
ENGINE = InnoDB;


-- -----------------------------------------------------
-- Table `mydb`.`Validacion`
-- -----------------------------------------------------
DROP TABLE IF EXISTS `mydb`.`Validacion` ;

CREATE TABLE IF NOT EXISTS `mydb`.`Validacion` (
  `id_usuario` INT NOT NULL AUTO_INCREMENT,
  `pass` MEDIUMTEXT NOT NULL,
  INDEX `FK_ID_USUARIO_idx` (`id_usuario` ASC),
  CONSTRAINT `FK_ID_USUARIO`
    FOREIGN KEY (`id_usuario`)
    REFERENCES `mydb`.`Usuario` (`id_usuario`)
    ON DELETE NO ACTION
    ON UPDATE NO ACTION)
ENGINE = InnoDB;


-- -----------------------------------------------------
-- Table `mydb`.`Comentarios`
-- -----------------------------------------------------
DROP TABLE IF EXISTS `mydb`.`Comentarios` ;

CREATE TABLE IF NOT EXISTS `mydb`.`Comentarios` (
  `id_album` INT NOT NULL,
  `id_foto` INT NOT NULL,
  `fecha` TIMESTAMP NOT NULL DEFAULT CURRENT_TIMESTAMP,
  `comentario` LONGTEXT NOT NULL,
  `id_comentario` INT NOT NULL AUTO_INCREMENT,
  INDEX `FK_ID_FOTO_idx` (`id_foto` ASC),
  INDEX `FK_ID_ALBUM_idx` (`id_album` ASC),
  PRIMARY KEY (`id_comentario`),
  CONSTRAINT `FK_ID_FOTO`
    FOREIGN KEY (`id_foto`)
    REFERENCES `mydb`.`Foto` (`id_foto`)
    ON DELETE NO ACTION
    ON UPDATE NO ACTION,
  CONSTRAINT `FK_ID_ALBUM_COMENTARIO`
    FOREIGN KEY (`id_album`)
    REFERENCES `mydb`.`Album` (`id_album`)
    ON DELETE NO ACTION
    ON UPDATE NO ACTION)
ENGINE = InnoDB;


-- -----------------------------------------------------
-- Table `mydb`.`Contactos`
-- -----------------------------------------------------
DROP TABLE IF EXISTS `mydb`.`Contactos` ;

CREATE TABLE IF NOT EXISTS `mydb`.`Contactos` (
  `id_Contactos` INT NOT NULL AUTO_INCREMENT,
  `id_contactador` INT NOT NULL,
  `id_contactado` INT NOT NULL,
  `tipo_trabajo` VARCHAR(45) NOT NULL,
  `valor` VARCHAR(45) NOT NULL,
  `fecha` TIMESTAMP NOT NULL DEFAULT CURRENT_TIMESTAMP,
  PRIMARY KEY (`id_Contactos`),
  INDEX `fk_contacto_idx` (`id_contactador` ASC),
  INDEX `fk_contactado_idx` (`id_contactado` ASC),
  CONSTRAINT `fk_contacto`
    FOREIGN KEY (`id_contactador`)
    REFERENCES `mydb`.`Usuario` (`id_usuario`)
    ON DELETE NO ACTION
    ON UPDATE NO ACTION,
  CONSTRAINT `fk_contactado`
    FOREIGN KEY (`id_contactado`)
    REFERENCES `mydb`.`Usuario` (`id_usuario`)
    ON DELETE NO ACTION
    ON UPDATE NO ACTION)
ENGINE = InnoDB;

USE `mydb` ;

-- -----------------------------------------------------
-- procedure registrar
-- -----------------------------------------------------

USE `mydb`;
DROP procedure IF EXISTS `mydb`.`registrar`;

DELIMITER $$
USE `mydb`$$
CREATE PROCEDURE `registrar` (
	IN _nombres varchar(45),
    IN _apellidoP varchar(45),
    IN _apellidoM varchar(45),
    IN _nick varchar(45),
    IN _correo varchar(255),
    IN _clave mediumtext,
    IN _id_pais int,
    IN _id_region int,
    IN _id_comuna int,
    IN _telefono varchar(13),
    IN _rol int)
BEGIN
	INSERT INTO Usuario (nombres,ape_paterno,ape_materno,nick,correo,rol,id_nacionalidad,id_region,comuna,telefono)
    VALUES (_nombres,_apellidoP,_apellidoM,_nick,_correo,_rol,_id_pais,_id_region,_id_comuna,_telefono);
    INSERT INTO Validacion (pass) VALUES (_clave);
END$$

DELIMITER ;

SET SQL_MODE=@OLD_SQL_MODE;
SET FOREIGN_KEY_CHECKS=@OLD_FOREIGN_KEY_CHECKS;
SET UNIQUE_CHECKS=@OLD_UNIQUE_CHECKS;

-- -----------------------------------------------------
-- Data for table `mydb`.`Pais`
-- -----------------------------------------------------
START TRANSACTION;
USE `mydb`;
INSERT INTO `mydb`.`Pais` (`id_pais`, `nombre_pais`, `bandera`) VALUES (1, 'Chile', '/banderas/Chile.PNG');

COMMIT;

-- -----------------------------------------------------
-- Data for table `mydb`.`Rol`
-- -----------------------------------------------------
START TRANSACTION;
USE `mydb`;
INSERT INTO `mydb`.`Rol` (`id_Rol`, `tipo`) VALUES (1, 'Administrador');
INSERT INTO `mydb`.`Rol` (`id_Rol`, `tipo`) VALUES (2, 'Diseñador');
INSERT INTO `mydb`.`Rol` (`id_Rol`, `tipo`) VALUES (3, 'Normal');
INSERT INTO `mydb`.`Rol` (`id_Rol`, `tipo`) VALUES (4, 'Modelo');

COMMIT;


-- -----------------------------------------------------
-- Data for table `mydb`.`Region`
-- -----------------------------------------------------
START TRANSACTION;
USE `mydb`;
INSERT INTO `mydb`.`Region` (`id_Region`, `nombre_region`, `id_pais`) VALUES (15, 'Arica', 1);
INSERT INTO `mydb`.`Region` (`id_Region`, `nombre_region`, `id_pais`) VALUES (1, 'Iquique', 1);
INSERT INTO `mydb`.`Region` (`id_Region`, `nombre_region`, `id_pais`) VALUES (2, 'Antofagasta', 1);
INSERT INTO `mydb`.`Region` (`id_Region`, `nombre_region`, `id_pais`) VALUES (3, 'Copiapó', 1);
INSERT INTO `mydb`.`Region` (`id_Region`, `nombre_region`, `id_pais`) VALUES (4, 'La Serena', 1);
INSERT INTO `mydb`.`Region` (`id_Region`, `nombre_region`, `id_pais`) VALUES (5, 'Valparaíso', 1);
INSERT INTO `mydb`.`Region` (`id_Region`, `nombre_region`, `id_pais`) VALUES (13, 'Santiago', 1);
INSERT INTO `mydb`.`Region` (`id_Region`, `nombre_region`, `id_pais`) VALUES (6, 'Rancagua', 1);
INSERT INTO `mydb`.`Region` (`id_Region`, `nombre_region`, `id_pais`) VALUES (7, 'Talca', 1);
INSERT INTO `mydb`.`Region` (`id_Region`, `nombre_region`, `id_pais`) VALUES (8, 'Concepción', 1);
INSERT INTO `mydb`.`Region` (`id_Region`, `nombre_region`, `id_pais`) VALUES (9, 'Temuco', 1);
INSERT INTO `mydb`.`Region` (`id_Region`, `nombre_region`, `id_pais`) VALUES (14, 'Valdivia', 1);
INSERT INTO `mydb`.`Region` (`id_Region`, `nombre_region`, `id_pais`) VALUES (10, 'Puerto Montt', 1);
INSERT INTO `mydb`.`Region` (`id_Region`, `nombre_region`, `id_pais`) VALUES (11, 'Coyhaique', 1);
INSERT INTO `mydb`.`Region` (`id_Region`, `nombre_region`, `id_pais`) VALUES (12, 'Punta Arenas', 1);

COMMIT;


-- -----------------------------------------------------
-- Data for table `mydb`.`Comuna`
-- -----------------------------------------------------
START TRANSACTION;
USE `mydb`;
INSERT INTO `mydb`.`Comuna` (`id_comuna`, `id_pais`, `nombre_comuna`, `id_region`) VALUES (1101, 1, 'Iquique', 1);
INSERT INTO `mydb`.`Comuna` (`id_comuna`, `id_pais`, `nombre_comuna`, `id_region`) VALUES (1107, 1, 'Alto Hospicio', 1);
INSERT INTO `mydb`.`Comuna` (`id_comuna`, `id_pais`, `nombre_comuna`, `id_region`) VALUES (1401, 1, 'Pozo Almonte', 1);
INSERT INTO `mydb`.`Comuna` (`id_comuna`, `id_pais`, `nombre_comuna`, `id_region`) VALUES (1402, 1, 'Camiña', 1);
INSERT INTO `mydb`.`Comuna` (`id_comuna`, `id_pais`, `nombre_comuna`, `id_region`) VALUES (1403, 1, 'Colchane', 1);
INSERT INTO `mydb`.`Comuna` (`id_comuna`, `id_pais`, `nombre_comuna`, `id_region`) VALUES (1404, 1, 'Huara', 1);
INSERT INTO `mydb`.`Comuna` (`id_comuna`, `id_pais`, `nombre_comuna`, `id_region`) VALUES (1405, 1, 'Pica', 1);
INSERT INTO `mydb`.`Comuna` (`id_comuna`, `id_pais`, `nombre_comuna`, `id_region`) VALUES (2101, 1, 'Antofagasta', 2);
INSERT INTO `mydb`.`Comuna` (`id_comuna`, `id_pais`, `nombre_comuna`, `id_region`) VALUES (2102, 1, 'Mejillones', 2);
INSERT INTO `mydb`.`Comuna` (`id_comuna`, `id_pais`, `nombre_comuna`, `id_region`) VALUES (2103, 1, 'Sierra Gorda', 2);
INSERT INTO `mydb`.`Comuna` (`id_comuna`, `id_pais`, `nombre_comuna`, `id_region`) VALUES (2104, 1, 'Taltal', 2);
INSERT INTO `mydb`.`Comuna` (`id_comuna`, `id_pais`, `nombre_comuna`, `id_region`) VALUES (2201, 1, 'Calama', 2);
INSERT INTO `mydb`.`Comuna` (`id_comuna`, `id_pais`, `nombre_comuna`, `id_region`) VALUES (2202, 1, 'Ollagüe', 2);
INSERT INTO `mydb`.`Comuna` (`id_comuna`, `id_pais`, `nombre_comuna`, `id_region`) VALUES (2203, 1, 'San Pedro de Atacama', 2);
INSERT INTO `mydb`.`Comuna` (`id_comuna`, `id_pais`, `nombre_comuna`, `id_region`) VALUES (2301, 1, 'Tocopilla', 2);
INSERT INTO `mydb`.`Comuna` (`id_comuna`, `id_pais`, `nombre_comuna`, `id_region`) VALUES (2302, 1, 'María Elena', 2);
INSERT INTO `mydb`.`Comuna` (`id_comuna`, `id_pais`, `nombre_comuna`, `id_region`) VALUES (3101, 1, 'Copiapó', 3);
INSERT INTO `mydb`.`Comuna` (`id_comuna`, `id_pais`, `nombre_comuna`, `id_region`) VALUES (3102, 1, 'Caldera', 3);
INSERT INTO `mydb`.`Comuna` (`id_comuna`, `id_pais`, `nombre_comuna`, `id_region`) VALUES (3103, 1, 'Tierra Amarilla', 3);
INSERT INTO `mydb`.`Comuna` (`id_comuna`, `id_pais`, `nombre_comuna`, `id_region`) VALUES (3201, 1, 'Chañaral', 3);
INSERT INTO `mydb`.`Comuna` (`id_comuna`, `id_pais`, `nombre_comuna`, `id_region`) VALUES (3202, 1, 'Diego de Almagro', 3);
INSERT INTO `mydb`.`Comuna` (`id_comuna`, `id_pais`, `nombre_comuna`, `id_region`) VALUES (3301, 1, 'Vallenar', 3);
INSERT INTO `mydb`.`Comuna` (`id_comuna`, `id_pais`, `nombre_comuna`, `id_region`) VALUES (3302, 1, 'Alto del Carmen', 3);
INSERT INTO `mydb`.`Comuna` (`id_comuna`, `id_pais`, `nombre_comuna`, `id_region`) VALUES (3303, 1, 'Freirina', 3);
INSERT INTO `mydb`.`Comuna` (`id_comuna`, `id_pais`, `nombre_comuna`, `id_region`) VALUES (3304, 1, 'Huasco', 3);
INSERT INTO `mydb`.`Comuna` (`id_comuna`, `id_pais`, `nombre_comuna`, `id_region`) VALUES (4101, 1, 'La Serena', 4);
INSERT INTO `mydb`.`Comuna` (`id_comuna`, `id_pais`, `nombre_comuna`, `id_region`) VALUES (4102, 1, 'Coquimbo', 4);
INSERT INTO `mydb`.`Comuna` (`id_comuna`, `id_pais`, `nombre_comuna`, `id_region`) VALUES (4103, 1, 'Andacollo', 4);
INSERT INTO `mydb`.`Comuna` (`id_comuna`, `id_pais`, `nombre_comuna`, `id_region`) VALUES (4104, 1, 'La Higuera', 4);
INSERT INTO `mydb`.`Comuna` (`id_comuna`, `id_pais`, `nombre_comuna`, `id_region`) VALUES (4105, 1, 'Paihuano', 4);
INSERT INTO `mydb`.`Comuna` (`id_comuna`, `id_pais`, `nombre_comuna`, `id_region`) VALUES (4106, 1, 'Vicuña', 4);
INSERT INTO `mydb`.`Comuna` (`id_comuna`, `id_pais`, `nombre_comuna`, `id_region`) VALUES (4201, 1, 'Illapel', 4);
INSERT INTO `mydb`.`Comuna` (`id_comuna`, `id_pais`, `nombre_comuna`, `id_region`) VALUES (4202, 1, 'Canela', 4);
INSERT INTO `mydb`.`Comuna` (`id_comuna`, `id_pais`, `nombre_comuna`, `id_region`) VALUES (4203, 1, 'Los Vilos', 4);
INSERT INTO `mydb`.`Comuna` (`id_comuna`, `id_pais`, `nombre_comuna`, `id_region`) VALUES (4204, 1, 'Salamanca', 4);
INSERT INTO `mydb`.`Comuna` (`id_comuna`, `id_pais`, `nombre_comuna`, `id_region`) VALUES (4301, 1, 'Ovalle', 4);
INSERT INTO `mydb`.`Comuna` (`id_comuna`, `id_pais`, `nombre_comuna`, `id_region`) VALUES (4302, 1, 'Combarbalá', 4);
INSERT INTO `mydb`.`Comuna` (`id_comuna`, `id_pais`, `nombre_comuna`, `id_region`) VALUES (4303, 1, 'Monte Patria', 4);
INSERT INTO `mydb`.`Comuna` (`id_comuna`, `id_pais`, `nombre_comuna`, `id_region`) VALUES (4304, 1, 'Punitaqui', 4);
INSERT INTO `mydb`.`Comuna` (`id_comuna`, `id_pais`, `nombre_comuna`, `id_region`) VALUES (4305, 1, 'Río Hurtado', 4);
INSERT INTO `mydb`.`Comuna` (`id_comuna`, `id_pais`, `nombre_comuna`, `id_region`) VALUES (5101, 1, 'Valparaíso', 5);
INSERT INTO `mydb`.`Comuna` (`id_comuna`, `id_pais`, `nombre_comuna`, `id_region`) VALUES (5102, 1, 'Casablanca', 5);
INSERT INTO `mydb`.`Comuna` (`id_comuna`, `id_pais`, `nombre_comuna`, `id_region`) VALUES (5103, 1, 'Concón', 5);
INSERT INTO `mydb`.`Comuna` (`id_comuna`, `id_pais`, `nombre_comuna`, `id_region`) VALUES (5104, 1, 'Juan Fernández', 5);
INSERT INTO `mydb`.`Comuna` (`id_comuna`, `id_pais`, `nombre_comuna`, `id_region`) VALUES (5105, 1, 'Puchuncaví', 5);
INSERT INTO `mydb`.`Comuna` (`id_comuna`, `id_pais`, `nombre_comuna`, `id_region`) VALUES (5107, 1, 'Quintero', 5);
INSERT INTO `mydb`.`Comuna` (`id_comuna`, `id_pais`, `nombre_comuna`, `id_region`) VALUES (5109, 1, 'Viña del Mar', 5);
INSERT INTO `mydb`.`Comuna` (`id_comuna`, `id_pais`, `nombre_comuna`, `id_region`) VALUES (5201, 1, 'Isla de Pascua', 5);
INSERT INTO `mydb`.`Comuna` (`id_comuna`, `id_pais`, `nombre_comuna`, `id_region`) VALUES (5301, 1, 'Los Andes', 5);
INSERT INTO `mydb`.`Comuna` (`id_comuna`, `id_pais`, `nombre_comuna`, `id_region`) VALUES (5302, 1, 'Calle Larga', 5);
INSERT INTO `mydb`.`Comuna` (`id_comuna`, `id_pais`, `nombre_comuna`, `id_region`) VALUES (5303, 1, 'Rinconada', 5);
INSERT INTO `mydb`.`Comuna` (`id_comuna`, `id_pais`, `nombre_comuna`, `id_region`) VALUES (5304, 1, 'San Esteban', 5);
INSERT INTO `mydb`.`Comuna` (`id_comuna`, `id_pais`, `nombre_comuna`, `id_region`) VALUES (5401, 1, 'La Ligua', 5);
INSERT INTO `mydb`.`Comuna` (`id_comuna`, `id_pais`, `nombre_comuna`, `id_region`) VALUES (5402, 1, 'Cabildo', 5);
INSERT INTO `mydb`.`Comuna` (`id_comuna`, `id_pais`, `nombre_comuna`, `id_region`) VALUES (5403, 1, 'Papudo', 5);
INSERT INTO `mydb`.`Comuna` (`id_comuna`, `id_pais`, `nombre_comuna`, `id_region`) VALUES (5404, 1, 'Petorca', 5);
INSERT INTO `mydb`.`Comuna` (`id_comuna`, `id_pais`, `nombre_comuna`, `id_region`) VALUES (5405, 1, 'Zapallar', 5);
INSERT INTO `mydb`.`Comuna` (`id_comuna`, `id_pais`, `nombre_comuna`, `id_region`) VALUES (5501, 1, 'Quillota', 5);
INSERT INTO `mydb`.`Comuna` (`id_comuna`, `id_pais`, `nombre_comuna`, `id_region`) VALUES (5502, 1, 'La Calera', 5);
INSERT INTO `mydb`.`Comuna` (`id_comuna`, `id_pais`, `nombre_comuna`, `id_region`) VALUES (5503, 1, 'Hijuelas', 5);
INSERT INTO `mydb`.`Comuna` (`id_comuna`, `id_pais`, `nombre_comuna`, `id_region`) VALUES (5504, 1, 'La Cruz', 5);
INSERT INTO `mydb`.`Comuna` (`id_comuna`, `id_pais`, `nombre_comuna`, `id_region`) VALUES (5506, 1, 'Nogales', 5);
INSERT INTO `mydb`.`Comuna` (`id_comuna`, `id_pais`, `nombre_comuna`, `id_region`) VALUES (5601, 1, 'San Antonio', 5);
INSERT INTO `mydb`.`Comuna` (`id_comuna`, `id_pais`, `nombre_comuna`, `id_region`) VALUES (5602, 1, 'Algarrobo', 5);
INSERT INTO `mydb`.`Comuna` (`id_comuna`, `id_pais`, `nombre_comuna`, `id_region`) VALUES (5603, 1, 'Cartagena', 5);
INSERT INTO `mydb`.`Comuna` (`id_comuna`, `id_pais`, `nombre_comuna`, `id_region`) VALUES (5604, 1, 'El Quisco', 5);
INSERT INTO `mydb`.`Comuna` (`id_comuna`, `id_pais`, `nombre_comuna`, `id_region`) VALUES (5605, 1, 'El Tabo', 5);
INSERT INTO `mydb`.`Comuna` (`id_comuna`, `id_pais`, `nombre_comuna`, `id_region`) VALUES (5606, 1, 'Santo Domingo', 5);
INSERT INTO `mydb`.`Comuna` (`id_comuna`, `id_pais`, `nombre_comuna`, `id_region`) VALUES (5701, 1, 'San Felipe', 5);
INSERT INTO `mydb`.`Comuna` (`id_comuna`, `id_pais`, `nombre_comuna`, `id_region`) VALUES (5702, 1, 'Catemu', 5);
INSERT INTO `mydb`.`Comuna` (`id_comuna`, `id_pais`, `nombre_comuna`, `id_region`) VALUES (5703, 1, 'Llay Llay', 5);
INSERT INTO `mydb`.`Comuna` (`id_comuna`, `id_pais`, `nombre_comuna`, `id_region`) VALUES (5704, 1, 'Panquehue', 5);
INSERT INTO `mydb`.`Comuna` (`id_comuna`, `id_pais`, `nombre_comuna`, `id_region`) VALUES (5705, 1, 'Putaendo', 5);
INSERT INTO `mydb`.`Comuna` (`id_comuna`, `id_pais`, `nombre_comuna`, `id_region`) VALUES (5706, 1, 'Santa María', 5);
INSERT INTO `mydb`.`Comuna` (`id_comuna`, `id_pais`, `nombre_comuna`, `id_region`) VALUES (5801, 1, 'Quilpué', 5);
INSERT INTO `mydb`.`Comuna` (`id_comuna`, `id_pais`, `nombre_comuna`, `id_region`) VALUES (5802, 1, 'Limache', 5);
INSERT INTO `mydb`.`Comuna` (`id_comuna`, `id_pais`, `nombre_comuna`, `id_region`) VALUES (5803, 1, 'Olmué', 5);
INSERT INTO `mydb`.`Comuna` (`id_comuna`, `id_pais`, `nombre_comuna`, `id_region`) VALUES (5804, 1, 'Villa Alemana', 5);
INSERT INTO `mydb`.`Comuna` (`id_comuna`, `id_pais`, `nombre_comuna`, `id_region`) VALUES (6101, 1, 'Rancagua', 6);
INSERT INTO `mydb`.`Comuna` (`id_comuna`, `id_pais`, `nombre_comuna`, `id_region`) VALUES (6102, 1, 'Codegua', 6);
INSERT INTO `mydb`.`Comuna` (`id_comuna`, `id_pais`, `nombre_comuna`, `id_region`) VALUES (6103, 1, 'Coinco', 6);
INSERT INTO `mydb`.`Comuna` (`id_comuna`, `id_pais`, `nombre_comuna`, `id_region`) VALUES (6104, 1, 'Coltauco', 6);
INSERT INTO `mydb`.`Comuna` (`id_comuna`, `id_pais`, `nombre_comuna`, `id_region`) VALUES (6105, 1, 'Doñiihue', 6);
INSERT INTO `mydb`.`Comuna` (`id_comuna`, `id_pais`, `nombre_comuna`, `id_region`) VALUES (6106, 1, 'Graneros', 6);
INSERT INTO `mydb`.`Comuna` (`id_comuna`, `id_pais`, `nombre_comuna`, `id_region`) VALUES (6107, 1, 'Las Cabras', 6);
INSERT INTO `mydb`.`Comuna` (`id_comuna`, `id_pais`, `nombre_comuna`, `id_region`) VALUES (6108, 1, 'Machalí', 6);
INSERT INTO `mydb`.`Comuna` (`id_comuna`, `id_pais`, `nombre_comuna`, `id_region`) VALUES (6109, 1, 'Malloa', 6);
INSERT INTO `mydb`.`Comuna` (`id_comuna`, `id_pais`, `nombre_comuna`, `id_region`) VALUES (6110, 1, 'Mostazal', 6);
INSERT INTO `mydb`.`Comuna` (`id_comuna`, `id_pais`, `nombre_comuna`, `id_region`) VALUES (6111, 1, 'Olivar', 6);
INSERT INTO `mydb`.`Comuna` (`id_comuna`, `id_pais`, `nombre_comuna`, `id_region`) VALUES (6112, 1, 'Peumo', 6);
INSERT INTO `mydb`.`Comuna` (`id_comuna`, `id_pais`, `nombre_comuna`, `id_region`) VALUES (6113, 1, 'Pichidegua', 6);
INSERT INTO `mydb`.`Comuna` (`id_comuna`, `id_pais`, `nombre_comuna`, `id_region`) VALUES (6114, 1, 'Quinta de Tilcoco', 6);
INSERT INTO `mydb`.`Comuna` (`id_comuna`, `id_pais`, `nombre_comuna`, `id_region`) VALUES (6115, 1, 'Rengo', 6);
INSERT INTO `mydb`.`Comuna` (`id_comuna`, `id_pais`, `nombre_comuna`, `id_region`) VALUES (6116, 1, 'Requínoa', 6);
INSERT INTO `mydb`.`Comuna` (`id_comuna`, `id_pais`, `nombre_comuna`, `id_region`) VALUES (6117, 1, 'San Vicente', 6);
INSERT INTO `mydb`.`Comuna` (`id_comuna`, `id_pais`, `nombre_comuna`, `id_region`) VALUES (6201, 1, 'Pichilemu', 6);
INSERT INTO `mydb`.`Comuna` (`id_comuna`, `id_pais`, `nombre_comuna`, `id_region`) VALUES (6202, 1, 'La Estrella', 6);
INSERT INTO `mydb`.`Comuna` (`id_comuna`, `id_pais`, `nombre_comuna`, `id_region`) VALUES (6203, 1, 'Litueche', 6);
INSERT INTO `mydb`.`Comuna` (`id_comuna`, `id_pais`, `nombre_comuna`, `id_region`) VALUES (6204, 1, 'Marchihue', 6);
INSERT INTO `mydb`.`Comuna` (`id_comuna`, `id_pais`, `nombre_comuna`, `id_region`) VALUES (6205, 1, 'Navidad', 6);
INSERT INTO `mydb`.`Comuna` (`id_comuna`, `id_pais`, `nombre_comuna`, `id_region`) VALUES (6206, 1, 'Paredones', 6);
INSERT INTO `mydb`.`Comuna` (`id_comuna`, `id_pais`, `nombre_comuna`, `id_region`) VALUES (6301, 1, 'San Fernando', 6);
INSERT INTO `mydb`.`Comuna` (`id_comuna`, `id_pais`, `nombre_comuna`, `id_region`) VALUES (6302, 1, 'Chépica', 6);
INSERT INTO `mydb`.`Comuna` (`id_comuna`, `id_pais`, `nombre_comuna`, `id_region`) VALUES (6303, 1, 'Chimbarongo', 6);
INSERT INTO `mydb`.`Comuna` (`id_comuna`, `id_pais`, `nombre_comuna`, `id_region`) VALUES (6304, 1, 'Lolol', 6);
INSERT INTO `mydb`.`Comuna` (`id_comuna`, `id_pais`, `nombre_comuna`, `id_region`) VALUES (6305, 1, 'Nancagua', 6);
INSERT INTO `mydb`.`Comuna` (`id_comuna`, `id_pais`, `nombre_comuna`, `id_region`) VALUES (6306, 1, 'Palmilla', 6);
INSERT INTO `mydb`.`Comuna` (`id_comuna`, `id_pais`, `nombre_comuna`, `id_region`) VALUES (6307, 1, 'Peralillo', 6);
INSERT INTO `mydb`.`Comuna` (`id_comuna`, `id_pais`, `nombre_comuna`, `id_region`) VALUES (6308, 1, 'Placilla', 6);
INSERT INTO `mydb`.`Comuna` (`id_comuna`, `id_pais`, `nombre_comuna`, `id_region`) VALUES (6309, 1, 'Pumanque', 6);
INSERT INTO `mydb`.`Comuna` (`id_comuna`, `id_pais`, `nombre_comuna`, `id_region`) VALUES (6310, 1, 'Santa Cruz', 6);
INSERT INTO `mydb`.`Comuna` (`id_comuna`, `id_pais`, `nombre_comuna`, `id_region`) VALUES (7101, 1, 'Talca', 7);
INSERT INTO `mydb`.`Comuna` (`id_comuna`, `id_pais`, `nombre_comuna`, `id_region`) VALUES (7102, 1, 'Constitución', 7);
INSERT INTO `mydb`.`Comuna` (`id_comuna`, `id_pais`, `nombre_comuna`, `id_region`) VALUES (7103, 1, 'Curepto', 7);
INSERT INTO `mydb`.`Comuna` (`id_comuna`, `id_pais`, `nombre_comuna`, `id_region`) VALUES (7104, 1, 'Empedrado', 7);
INSERT INTO `mydb`.`Comuna` (`id_comuna`, `id_pais`, `nombre_comuna`, `id_region`) VALUES (7105, 1, 'Maule', 7);
INSERT INTO `mydb`.`Comuna` (`id_comuna`, `id_pais`, `nombre_comuna`, `id_region`) VALUES (7106, 1, 'Pelarco', 7);
INSERT INTO `mydb`.`Comuna` (`id_comuna`, `id_pais`, `nombre_comuna`, `id_region`) VALUES (7107, 1, 'Pencahue', 7);
INSERT INTO `mydb`.`Comuna` (`id_comuna`, `id_pais`, `nombre_comuna`, `id_region`) VALUES (7108, 1, 'Río Claro', 7);
INSERT INTO `mydb`.`Comuna` (`id_comuna`, `id_pais`, `nombre_comuna`, `id_region`) VALUES (7109, 1, 'San Clemente', 7);
INSERT INTO `mydb`.`Comuna` (`id_comuna`, `id_pais`, `nombre_comuna`, `id_region`) VALUES (7110, 1, 'San Rafael', 7);
INSERT INTO `mydb`.`Comuna` (`id_comuna`, `id_pais`, `nombre_comuna`, `id_region`) VALUES (7201, 1, 'Cauquenes', 7);
INSERT INTO `mydb`.`Comuna` (`id_comuna`, `id_pais`, `nombre_comuna`, `id_region`) VALUES (7202, 1, 'Chanco', 7);
INSERT INTO `mydb`.`Comuna` (`id_comuna`, `id_pais`, `nombre_comuna`, `id_region`) VALUES (7203, 1, 'Pelluhue', 7);
INSERT INTO `mydb`.`Comuna` (`id_comuna`, `id_pais`, `nombre_comuna`, `id_region`) VALUES (7301, 1, 'Curicó', 7);
INSERT INTO `mydb`.`Comuna` (`id_comuna`, `id_pais`, `nombre_comuna`, `id_region`) VALUES (7302, 1, 'Hualañé', 7);
INSERT INTO `mydb`.`Comuna` (`id_comuna`, `id_pais`, `nombre_comuna`, `id_region`) VALUES (7303, 1, 'Licantén', 7);
INSERT INTO `mydb`.`Comuna` (`id_comuna`, `id_pais`, `nombre_comuna`, `id_region`) VALUES (7304, 1, 'Molina', 7);
INSERT INTO `mydb`.`Comuna` (`id_comuna`, `id_pais`, `nombre_comuna`, `id_region`) VALUES (7305, 1, 'Rauco', 7);
INSERT INTO `mydb`.`Comuna` (`id_comuna`, `id_pais`, `nombre_comuna`, `id_region`) VALUES (7306, 1, 'Romeral', 7);
INSERT INTO `mydb`.`Comuna` (`id_comuna`, `id_pais`, `nombre_comuna`, `id_region`) VALUES (7307, 1, 'Sagrada Familia', 7);
INSERT INTO `mydb`.`Comuna` (`id_comuna`, `id_pais`, `nombre_comuna`, `id_region`) VALUES (7308, 1, 'Teno', 7);
INSERT INTO `mydb`.`Comuna` (`id_comuna`, `id_pais`, `nombre_comuna`, `id_region`) VALUES (7309, 1, 'Vichuquén', 7);
INSERT INTO `mydb`.`Comuna` (`id_comuna`, `id_pais`, `nombre_comuna`, `id_region`) VALUES (7401, 1, 'Linares', 7);
INSERT INTO `mydb`.`Comuna` (`id_comuna`, `id_pais`, `nombre_comuna`, `id_region`) VALUES (7402, 1, 'Colbún', 7);
INSERT INTO `mydb`.`Comuna` (`id_comuna`, `id_pais`, `nombre_comuna`, `id_region`) VALUES (7403, 1, 'Longaví', 7);
INSERT INTO `mydb`.`Comuna` (`id_comuna`, `id_pais`, `nombre_comuna`, `id_region`) VALUES (7404, 1, 'Parral', 7);
INSERT INTO `mydb`.`Comuna` (`id_comuna`, `id_pais`, `nombre_comuna`, `id_region`) VALUES (7405, 1, 'Retiro', 7);
INSERT INTO `mydb`.`Comuna` (`id_comuna`, `id_pais`, `nombre_comuna`, `id_region`) VALUES (7406, 1, 'San Javier', 7);
INSERT INTO `mydb`.`Comuna` (`id_comuna`, `id_pais`, `nombre_comuna`, `id_region`) VALUES (7407, 1, 'Villa Alegre', 7);
INSERT INTO `mydb`.`Comuna` (`id_comuna`, `id_pais`, `nombre_comuna`, `id_region`) VALUES (7408, 1, 'Yerbas Buenas', 7);
INSERT INTO `mydb`.`Comuna` (`id_comuna`, `id_pais`, `nombre_comuna`, `id_region`) VALUES (8101, 1, 'Concepción', 8);
INSERT INTO `mydb`.`Comuna` (`id_comuna`, `id_pais`, `nombre_comuna`, `id_region`) VALUES (8102, 1, 'Coronel', 8);
INSERT INTO `mydb`.`Comuna` (`id_comuna`, `id_pais`, `nombre_comuna`, `id_region`) VALUES (8103, 1, 'Chiguayante', 8);
INSERT INTO `mydb`.`Comuna` (`id_comuna`, `id_pais`, `nombre_comuna`, `id_region`) VALUES (8104, 1, 'Florida', 8);
INSERT INTO `mydb`.`Comuna` (`id_comuna`, `id_pais`, `nombre_comuna`, `id_region`) VALUES (8105, 1, 'Hualqui', 8);
INSERT INTO `mydb`.`Comuna` (`id_comuna`, `id_pais`, `nombre_comuna`, `id_region`) VALUES (8106, 1, 'Lota', 8);
INSERT INTO `mydb`.`Comuna` (`id_comuna`, `id_pais`, `nombre_comuna`, `id_region`) VALUES (8107, 1, 'Penco', 8);
INSERT INTO `mydb`.`Comuna` (`id_comuna`, `id_pais`, `nombre_comuna`, `id_region`) VALUES (8108, 1, 'San Pedro de la Paz', 8);
INSERT INTO `mydb`.`Comuna` (`id_comuna`, `id_pais`, `nombre_comuna`, `id_region`) VALUES (8109, 1, 'Santa Juana', 8);
INSERT INTO `mydb`.`Comuna` (`id_comuna`, `id_pais`, `nombre_comuna`, `id_region`) VALUES (8110, 1, 'Talcahuano', 8);
INSERT INTO `mydb`.`Comuna` (`id_comuna`, `id_pais`, `nombre_comuna`, `id_region`) VALUES (8111, 1, 'Tomé', 8);
INSERT INTO `mydb`.`Comuna` (`id_comuna`, `id_pais`, `nombre_comuna`, `id_region`) VALUES (8112, 1, 'Hualpén', 8);
INSERT INTO `mydb`.`Comuna` (`id_comuna`, `id_pais`, `nombre_comuna`, `id_region`) VALUES (8201, 1, 'Lebu', 8);
INSERT INTO `mydb`.`Comuna` (`id_comuna`, `id_pais`, `nombre_comuna`, `id_region`) VALUES (8202, 1, 'Arauco', 8);
INSERT INTO `mydb`.`Comuna` (`id_comuna`, `id_pais`, `nombre_comuna`, `id_region`) VALUES (8203, 1, 'Cañete', 8);
INSERT INTO `mydb`.`Comuna` (`id_comuna`, `id_pais`, `nombre_comuna`, `id_region`) VALUES (8204, 1, 'Contulmo', 8);
INSERT INTO `mydb`.`Comuna` (`id_comuna`, `id_pais`, `nombre_comuna`, `id_region`) VALUES (8205, 1, 'Curanilahue', 8);
INSERT INTO `mydb`.`Comuna` (`id_comuna`, `id_pais`, `nombre_comuna`, `id_region`) VALUES (8206, 1, 'Los Álamos', 8);
INSERT INTO `mydb`.`Comuna` (`id_comuna`, `id_pais`, `nombre_comuna`, `id_region`) VALUES (8207, 1, 'Tirúa', 8);
INSERT INTO `mydb`.`Comuna` (`id_comuna`, `id_pais`, `nombre_comuna`, `id_region`) VALUES (8301, 1, 'Los Ángeles', 8);
INSERT INTO `mydb`.`Comuna` (`id_comuna`, `id_pais`, `nombre_comuna`, `id_region`) VALUES (8302, 1, 'Antuco', 8);
INSERT INTO `mydb`.`Comuna` (`id_comuna`, `id_pais`, `nombre_comuna`, `id_region`) VALUES (8303, 1, 'Cabrero', 8);
INSERT INTO `mydb`.`Comuna` (`id_comuna`, `id_pais`, `nombre_comuna`, `id_region`) VALUES (8304, 1, 'Laja', 8);
INSERT INTO `mydb`.`Comuna` (`id_comuna`, `id_pais`, `nombre_comuna`, `id_region`) VALUES (8305, 1, 'MulchÉn', 8);
INSERT INTO `mydb`.`Comuna` (`id_comuna`, `id_pais`, `nombre_comuna`, `id_region`) VALUES (8306, 1, 'Nacimiento', 8);
INSERT INTO `mydb`.`Comuna` (`id_comuna`, `id_pais`, `nombre_comuna`, `id_region`) VALUES (8307, 1, 'Negrete', 8);
INSERT INTO `mydb`.`Comuna` (`id_comuna`, `id_pais`, `nombre_comuna`, `id_region`) VALUES (8308, 1, 'Quilaco', 8);
INSERT INTO `mydb`.`Comuna` (`id_comuna`, `id_pais`, `nombre_comuna`, `id_region`) VALUES (8309, 1, 'Quilleco', 8);
INSERT INTO `mydb`.`Comuna` (`id_comuna`, `id_pais`, `nombre_comuna`, `id_region`) VALUES (8310, 1, 'San Rosendo', 8);
INSERT INTO `mydb`.`Comuna` (`id_comuna`, `id_pais`, `nombre_comuna`, `id_region`) VALUES (8311, 1, 'Santa Bárbara', 8);
INSERT INTO `mydb`.`Comuna` (`id_comuna`, `id_pais`, `nombre_comuna`, `id_region`) VALUES (8312, 1, 'Tucapel', 8);
INSERT INTO `mydb`.`Comuna` (`id_comuna`, `id_pais`, `nombre_comuna`, `id_region`) VALUES (8313, 1, 'Yumbel', 8);
INSERT INTO `mydb`.`Comuna` (`id_comuna`, `id_pais`, `nombre_comuna`, `id_region`) VALUES (8314, 1, 'Alto Biobío', 8);
INSERT INTO `mydb`.`Comuna` (`id_comuna`, `id_pais`, `nombre_comuna`, `id_region`) VALUES (8401, 1, 'Chillán', 8);
INSERT INTO `mydb`.`Comuna` (`id_comuna`, `id_pais`, `nombre_comuna`, `id_region`) VALUES (8402, 1, 'Bulnes', 8);
INSERT INTO `mydb`.`Comuna` (`id_comuna`, `id_pais`, `nombre_comuna`, `id_region`) VALUES (8403, 1, 'Cobquecura', 8);
INSERT INTO `mydb`.`Comuna` (`id_comuna`, `id_pais`, `nombre_comuna`, `id_region`) VALUES (8404, 1, 'Coelemu', 8);
INSERT INTO `mydb`.`Comuna` (`id_comuna`, `id_pais`, `nombre_comuna`, `id_region`) VALUES (8405, 1, 'Coihueco', 8);
INSERT INTO `mydb`.`Comuna` (`id_comuna`, `id_pais`, `nombre_comuna`, `id_region`) VALUES (8406, 1, 'Chillán Viejo', 8);
INSERT INTO `mydb`.`Comuna` (`id_comuna`, `id_pais`, `nombre_comuna`, `id_region`) VALUES (8407, 1, 'El Carmen', 8);
INSERT INTO `mydb`.`Comuna` (`id_comuna`, `id_pais`, `nombre_comuna`, `id_region`) VALUES (8408, 1, 'Ninhue', 8);
INSERT INTO `mydb`.`Comuna` (`id_comuna`, `id_pais`, `nombre_comuna`, `id_region`) VALUES (8409, 1, 'Ñiquén', 8);
INSERT INTO `mydb`.`Comuna` (`id_comuna`, `id_pais`, `nombre_comuna`, `id_region`) VALUES (8410, 1, 'Pemuco', 8);
INSERT INTO `mydb`.`Comuna` (`id_comuna`, `id_pais`, `nombre_comuna`, `id_region`) VALUES (8411, 1, 'Pinto', 8);
INSERT INTO `mydb`.`Comuna` (`id_comuna`, `id_pais`, `nombre_comuna`, `id_region`) VALUES (8412, 1, 'Portezuelo', 8);
INSERT INTO `mydb`.`Comuna` (`id_comuna`, `id_pais`, `nombre_comuna`, `id_region`) VALUES (8413, 1, 'Quillón', 8);
INSERT INTO `mydb`.`Comuna` (`id_comuna`, `id_pais`, `nombre_comuna`, `id_region`) VALUES (8414, 1, 'Quirihue', 8);
INSERT INTO `mydb`.`Comuna` (`id_comuna`, `id_pais`, `nombre_comuna`, `id_region`) VALUES (8415, 1, 'Ránquil', 8);
INSERT INTO `mydb`.`Comuna` (`id_comuna`, `id_pais`, `nombre_comuna`, `id_region`) VALUES (8416, 1, 'San Carlos', 8);
INSERT INTO `mydb`.`Comuna` (`id_comuna`, `id_pais`, `nombre_comuna`, `id_region`) VALUES (8417, 1, 'San Fabián', 8);
INSERT INTO `mydb`.`Comuna` (`id_comuna`, `id_pais`, `nombre_comuna`, `id_region`) VALUES (8418, 1, 'San Ignacio', 8);
INSERT INTO `mydb`.`Comuna` (`id_comuna`, `id_pais`, `nombre_comuna`, `id_region`) VALUES (8419, 1, 'San Nicolás', 8);
INSERT INTO `mydb`.`Comuna` (`id_comuna`, `id_pais`, `nombre_comuna`, `id_region`) VALUES (8420, 1, 'Treguaco', 8);
INSERT INTO `mydb`.`Comuna` (`id_comuna`, `id_pais`, `nombre_comuna`, `id_region`) VALUES (8421, 1, 'Yungay', 8);
INSERT INTO `mydb`.`Comuna` (`id_comuna`, `id_pais`, `nombre_comuna`, `id_region`) VALUES (9101, 1, 'Temuco', 9);
INSERT INTO `mydb`.`Comuna` (`id_comuna`, `id_pais`, `nombre_comuna`, `id_region`) VALUES (9102, 1, 'Carahue', 9);
INSERT INTO `mydb`.`Comuna` (`id_comuna`, `id_pais`, `nombre_comuna`, `id_region`) VALUES (9103, 1, 'Cunco', 9);
INSERT INTO `mydb`.`Comuna` (`id_comuna`, `id_pais`, `nombre_comuna`, `id_region`) VALUES (9104, 1, 'Curarrehue', 9);
INSERT INTO `mydb`.`Comuna` (`id_comuna`, `id_pais`, `nombre_comuna`, `id_region`) VALUES (9105, 1, 'Freire', 9);
INSERT INTO `mydb`.`Comuna` (`id_comuna`, `id_pais`, `nombre_comuna`, `id_region`) VALUES (9106, 1, 'Galvarino', 9);
INSERT INTO `mydb`.`Comuna` (`id_comuna`, `id_pais`, `nombre_comuna`, `id_region`) VALUES (9107, 1, 'Gorbea', 9);
INSERT INTO `mydb`.`Comuna` (`id_comuna`, `id_pais`, `nombre_comuna`, `id_region`) VALUES (9108, 1, 'Lautaro', 9);
INSERT INTO `mydb`.`Comuna` (`id_comuna`, `id_pais`, `nombre_comuna`, `id_region`) VALUES (9109, 1, 'Loncoche', 9);
INSERT INTO `mydb`.`Comuna` (`id_comuna`, `id_pais`, `nombre_comuna`, `id_region`) VALUES (9110, 1, 'Melipeuco', 9);
INSERT INTO `mydb`.`Comuna` (`id_comuna`, `id_pais`, `nombre_comuna`, `id_region`) VALUES (9111, 1, 'Nueva Imperial', 9);
INSERT INTO `mydb`.`Comuna` (`id_comuna`, `id_pais`, `nombre_comuna`, `id_region`) VALUES (9112, 1, 'Padre las Casas', 9);
INSERT INTO `mydb`.`Comuna` (`id_comuna`, `id_pais`, `nombre_comuna`, `id_region`) VALUES (9113, 1, 'Perquenco', 9);
INSERT INTO `mydb`.`Comuna` (`id_comuna`, `id_pais`, `nombre_comuna`, `id_region`) VALUES (9114, 1, 'Pitrufquén', 9);
INSERT INTO `mydb`.`Comuna` (`id_comuna`, `id_pais`, `nombre_comuna`, `id_region`) VALUES (9115, 1, 'Pucón', 9);
INSERT INTO `mydb`.`Comuna` (`id_comuna`, `id_pais`, `nombre_comuna`, `id_region`) VALUES (9116, 1, 'Saavedra', 9);
INSERT INTO `mydb`.`Comuna` (`id_comuna`, `id_pais`, `nombre_comuna`, `id_region`) VALUES (9117, 1, 'Teodoro Schmidt', 9);
INSERT INTO `mydb`.`Comuna` (`id_comuna`, `id_pais`, `nombre_comuna`, `id_region`) VALUES (9118, 1, 'Toltén', 9);
INSERT INTO `mydb`.`Comuna` (`id_comuna`, `id_pais`, `nombre_comuna`, `id_region`) VALUES (9119, 1, 'Vilcún', 9);
INSERT INTO `mydb`.`Comuna` (`id_comuna`, `id_pais`, `nombre_comuna`, `id_region`) VALUES (9120, 1, 'Villarrica', 9);
INSERT INTO `mydb`.`Comuna` (`id_comuna`, `id_pais`, `nombre_comuna`, `id_region`) VALUES (9121, 1, 'Cholchol', 9);
INSERT INTO `mydb`.`Comuna` (`id_comuna`, `id_pais`, `nombre_comuna`, `id_region`) VALUES (9201, 1, 'Angol', 9);
INSERT INTO `mydb`.`Comuna` (`id_comuna`, `id_pais`, `nombre_comuna`, `id_region`) VALUES (9202, 1, 'Collipulli', 9);
INSERT INTO `mydb`.`Comuna` (`id_comuna`, `id_pais`, `nombre_comuna`, `id_region`) VALUES (9203, 1, 'Curacautín', 9);
INSERT INTO `mydb`.`Comuna` (`id_comuna`, `id_pais`, `nombre_comuna`, `id_region`) VALUES (9204, 1, 'Ercilla', 9);
INSERT INTO `mydb`.`Comuna` (`id_comuna`, `id_pais`, `nombre_comuna`, `id_region`) VALUES (9205, 1, 'Lonquimay', 9);
INSERT INTO `mydb`.`Comuna` (`id_comuna`, `id_pais`, `nombre_comuna`, `id_region`) VALUES (9206, 1, 'Los Sauces', 9);
INSERT INTO `mydb`.`Comuna` (`id_comuna`, `id_pais`, `nombre_comuna`, `id_region`) VALUES (9207, 1, 'Lumaco', 9);
INSERT INTO `mydb`.`Comuna` (`id_comuna`, `id_pais`, `nombre_comuna`, `id_region`) VALUES (9208, 1, 'Purén', 9);
INSERT INTO `mydb`.`Comuna` (`id_comuna`, `id_pais`, `nombre_comuna`, `id_region`) VALUES (9209, 1, 'Renaico', 9);
INSERT INTO `mydb`.`Comuna` (`id_comuna`, `id_pais`, `nombre_comuna`, `id_region`) VALUES (9210, 1, 'Traiguén', 9);
INSERT INTO `mydb`.`Comuna` (`id_comuna`, `id_pais`, `nombre_comuna`, `id_region`) VALUES (9211, 1, 'Victoria', 9);
INSERT INTO `mydb`.`Comuna` (`id_comuna`, `id_pais`, `nombre_comuna`, `id_region`) VALUES (10101, 1, 'Puerto Montt', 10);
INSERT INTO `mydb`.`Comuna` (`id_comuna`, `id_pais`, `nombre_comuna`, `id_region`) VALUES (10102, 1, 'Calbuco', 10);
INSERT INTO `mydb`.`Comuna` (`id_comuna`, `id_pais`, `nombre_comuna`, `id_region`) VALUES (10103, 1, 'Cochamó', 10);
INSERT INTO `mydb`.`Comuna` (`id_comuna`, `id_pais`, `nombre_comuna`, `id_region`) VALUES (10104, 1, 'Fresia', 10);
INSERT INTO `mydb`.`Comuna` (`id_comuna`, `id_pais`, `nombre_comuna`, `id_region`) VALUES (10105, 1, 'Frutillar', 10);
INSERT INTO `mydb`.`Comuna` (`id_comuna`, `id_pais`, `nombre_comuna`, `id_region`) VALUES (10106, 1, 'Los Muermos', 10);
INSERT INTO `mydb`.`Comuna` (`id_comuna`, `id_pais`, `nombre_comuna`, `id_region`) VALUES (10107, 1, 'Llanquihue', 10);
INSERT INTO `mydb`.`Comuna` (`id_comuna`, `id_pais`, `nombre_comuna`, `id_region`) VALUES (10108, 1, 'Maullín', 10);
INSERT INTO `mydb`.`Comuna` (`id_comuna`, `id_pais`, `nombre_comuna`, `id_region`) VALUES (10109, 1, 'Puerto Varas', 10);
INSERT INTO `mydb`.`Comuna` (`id_comuna`, `id_pais`, `nombre_comuna`, `id_region`) VALUES (10201, 1, 'Castro', 10);
INSERT INTO `mydb`.`Comuna` (`id_comuna`, `id_pais`, `nombre_comuna`, `id_region`) VALUES (10202, 1, 'Ancud', 10);
INSERT INTO `mydb`.`Comuna` (`id_comuna`, `id_pais`, `nombre_comuna`, `id_region`) VALUES (10203, 1, 'Chonchi', 10);
INSERT INTO `mydb`.`Comuna` (`id_comuna`, `id_pais`, `nombre_comuna`, `id_region`) VALUES (10204, 1, 'Curaco de Vélez', 10);
INSERT INTO `mydb`.`Comuna` (`id_comuna`, `id_pais`, `nombre_comuna`, `id_region`) VALUES (10205, 1, 'Dalcahue', 10);
INSERT INTO `mydb`.`Comuna` (`id_comuna`, `id_pais`, `nombre_comuna`, `id_region`) VALUES (10206, 1, 'Puqueldón', 10);
INSERT INTO `mydb`.`Comuna` (`id_comuna`, `id_pais`, `nombre_comuna`, `id_region`) VALUES (10207, 1, 'Queilén', 10);
INSERT INTO `mydb`.`Comuna` (`id_comuna`, `id_pais`, `nombre_comuna`, `id_region`) VALUES (10208, 1, 'Quellón', 10);
INSERT INTO `mydb`.`Comuna` (`id_comuna`, `id_pais`, `nombre_comuna`, `id_region`) VALUES (10209, 1, 'Quemchi', 10);
INSERT INTO `mydb`.`Comuna` (`id_comuna`, `id_pais`, `nombre_comuna`, `id_region`) VALUES (10210, 1, 'Quinchao', 10);
INSERT INTO `mydb`.`Comuna` (`id_comuna`, `id_pais`, `nombre_comuna`, `id_region`) VALUES (10301, 1, 'Osorno', 10);
INSERT INTO `mydb`.`Comuna` (`id_comuna`, `id_pais`, `nombre_comuna`, `id_region`) VALUES (10302, 1, 'Puerto Octay', 10);
INSERT INTO `mydb`.`Comuna` (`id_comuna`, `id_pais`, `nombre_comuna`, `id_region`) VALUES (10303, 1, 'Purranque', 10);
INSERT INTO `mydb`.`Comuna` (`id_comuna`, `id_pais`, `nombre_comuna`, `id_region`) VALUES (10304, 1, 'Puyehue', 10);
INSERT INTO `mydb`.`Comuna` (`id_comuna`, `id_pais`, `nombre_comuna`, `id_region`) VALUES (10305, 1, 'Río Negro', 10);
INSERT INTO `mydb`.`Comuna` (`id_comuna`, `id_pais`, `nombre_comuna`, `id_region`) VALUES (10306, 1, 'San Juan de la Costa', 10);
INSERT INTO `mydb`.`Comuna` (`id_comuna`, `id_pais`, `nombre_comuna`, `id_region`) VALUES (10307, 1, 'San Pablo', 10);
INSERT INTO `mydb`.`Comuna` (`id_comuna`, `id_pais`, `nombre_comuna`, `id_region`) VALUES (10401, 1, 'Chaitén', 10);
INSERT INTO `mydb`.`Comuna` (`id_comuna`, `id_pais`, `nombre_comuna`, `id_region`) VALUES (10402, 1, 'Futaleufú', 10);
INSERT INTO `mydb`.`Comuna` (`id_comuna`, `id_pais`, `nombre_comuna`, `id_region`) VALUES (10403, 1, 'Hualaihué', 10);
INSERT INTO `mydb`.`Comuna` (`id_comuna`, `id_pais`, `nombre_comuna`, `id_region`) VALUES (10404, 1, 'Palena', 10);
INSERT INTO `mydb`.`Comuna` (`id_comuna`, `id_pais`, `nombre_comuna`, `id_region`) VALUES (11101, 1, 'Coyhaique', 11);
INSERT INTO `mydb`.`Comuna` (`id_comuna`, `id_pais`, `nombre_comuna`, `id_region`) VALUES (11102, 1, 'Lago Verde', 11);
INSERT INTO `mydb`.`Comuna` (`id_comuna`, `id_pais`, `nombre_comuna`, `id_region`) VALUES (11201, 1, 'Aysén', 11);
INSERT INTO `mydb`.`Comuna` (`id_comuna`, `id_pais`, `nombre_comuna`, `id_region`) VALUES (11202, 1, 'Cisnes', 11);
INSERT INTO `mydb`.`Comuna` (`id_comuna`, `id_pais`, `nombre_comuna`, `id_region`) VALUES (11203, 1, 'Guaitecas', 11);
INSERT INTO `mydb`.`Comuna` (`id_comuna`, `id_pais`, `nombre_comuna`, `id_region`) VALUES (11301, 1, 'Cochrane', 11);
INSERT INTO `mydb`.`Comuna` (`id_comuna`, `id_pais`, `nombre_comuna`, `id_region`) VALUES (11302, 1, 'O\'Higgins', 11);
INSERT INTO `mydb`.`Comuna` (`id_comuna`, `id_pais`, `nombre_comuna`, `id_region`) VALUES (11303, 1, 'Tortel', 11);
INSERT INTO `mydb`.`Comuna` (`id_comuna`, `id_pais`, `nombre_comuna`, `id_region`) VALUES (11401, 1, 'Chile Chico', 11);
INSERT INTO `mydb`.`Comuna` (`id_comuna`, `id_pais`, `nombre_comuna`, `id_region`) VALUES (11402, 1, 'Río Ibáñez', 11);
INSERT INTO `mydb`.`Comuna` (`id_comuna`, `id_pais`, `nombre_comuna`, `id_region`) VALUES (12101, 1, 'Punta Arenas', 12);
INSERT INTO `mydb`.`Comuna` (`id_comuna`, `id_pais`, `nombre_comuna`, `id_region`) VALUES (12102, 1, 'Laguna Blanca', 12);
INSERT INTO `mydb`.`Comuna` (`id_comuna`, `id_pais`, `nombre_comuna`, `id_region`) VALUES (12103, 1, 'Río Verde', 12);
INSERT INTO `mydb`.`Comuna` (`id_comuna`, `id_pais`, `nombre_comuna`, `id_region`) VALUES (12104, 1, 'San Gregorio', 12);
INSERT INTO `mydb`.`Comuna` (`id_comuna`, `id_pais`, `nombre_comuna`, `id_region`) VALUES (12201, 1, 'Cabo de Hornos', 12);
INSERT INTO `mydb`.`Comuna` (`id_comuna`, `id_pais`, `nombre_comuna`, `id_region`) VALUES (12202, 1, 'Antártica', 12);
INSERT INTO `mydb`.`Comuna` (`id_comuna`, `id_pais`, `nombre_comuna`, `id_region`) VALUES (12301, 1, 'Porvenir', 12);
INSERT INTO `mydb`.`Comuna` (`id_comuna`, `id_pais`, `nombre_comuna`, `id_region`) VALUES (12302, 1, 'Primavera', 12);
INSERT INTO `mydb`.`Comuna` (`id_comuna`, `id_pais`, `nombre_comuna`, `id_region`) VALUES (12303, 1, 'Timaukel', 12);
INSERT INTO `mydb`.`Comuna` (`id_comuna`, `id_pais`, `nombre_comuna`, `id_region`) VALUES (12401, 1, 'Natales', 12);
INSERT INTO `mydb`.`Comuna` (`id_comuna`, `id_pais`, `nombre_comuna`, `id_region`) VALUES (12402, 1, 'Torres del Paine', 12);
INSERT INTO `mydb`.`Comuna` (`id_comuna`, `id_pais`, `nombre_comuna`, `id_region`) VALUES (13101, 1, 'Santiago', 13);
INSERT INTO `mydb`.`Comuna` (`id_comuna`, `id_pais`, `nombre_comuna`, `id_region`) VALUES (13102, 1, 'Cerrillos', 13);
INSERT INTO `mydb`.`Comuna` (`id_comuna`, `id_pais`, `nombre_comuna`, `id_region`) VALUES (13103, 1, 'Cerro Navia', 13);
INSERT INTO `mydb`.`Comuna` (`id_comuna`, `id_pais`, `nombre_comuna`, `id_region`) VALUES (13104, 1, 'Conchaí', 13);
INSERT INTO `mydb`.`Comuna` (`id_comuna`, `id_pais`, `nombre_comuna`, `id_region`) VALUES (13105, 1, 'El Bosque', 13);
INSERT INTO `mydb`.`Comuna` (`id_comuna`, `id_pais`, `nombre_comuna`, `id_region`) VALUES (13106, 1, 'Estación Central', 13);
INSERT INTO `mydb`.`Comuna` (`id_comuna`, `id_pais`, `nombre_comuna`, `id_region`) VALUES (13107, 1, 'Huechuraba', 13);
INSERT INTO `mydb`.`Comuna` (`id_comuna`, `id_pais`, `nombre_comuna`, `id_region`) VALUES (13108, 1, 'Independencia', 13);
INSERT INTO `mydb`.`Comuna` (`id_comuna`, `id_pais`, `nombre_comuna`, `id_region`) VALUES (13109, 1, 'La Cisterna', 13);
INSERT INTO `mydb`.`Comuna` (`id_comuna`, `id_pais`, `nombre_comuna`, `id_region`) VALUES (13110, 1, 'La Florida', 13);
INSERT INTO `mydb`.`Comuna` (`id_comuna`, `id_pais`, `nombre_comuna`, `id_region`) VALUES (13111, 1, 'La Granja', 13);
INSERT INTO `mydb`.`Comuna` (`id_comuna`, `id_pais`, `nombre_comuna`, `id_region`) VALUES (13112, 1, 'La Pintana', 13);
INSERT INTO `mydb`.`Comuna` (`id_comuna`, `id_pais`, `nombre_comuna`, `id_region`) VALUES (13113, 1, 'La Reina', 13);
INSERT INTO `mydb`.`Comuna` (`id_comuna`, `id_pais`, `nombre_comuna`, `id_region`) VALUES (13114, 1, 'Las Condes', 13);
INSERT INTO `mydb`.`Comuna` (`id_comuna`, `id_pais`, `nombre_comuna`, `id_region`) VALUES (13115, 1, 'Lo Barnechea', 13);
INSERT INTO `mydb`.`Comuna` (`id_comuna`, `id_pais`, `nombre_comuna`, `id_region`) VALUES (13116, 1, 'Lo Espejo', 13);
INSERT INTO `mydb`.`Comuna` (`id_comuna`, `id_pais`, `nombre_comuna`, `id_region`) VALUES (13117, 1, 'Lo Prado', 13);
INSERT INTO `mydb`.`Comuna` (`id_comuna`, `id_pais`, `nombre_comuna`, `id_region`) VALUES (13118, 1, 'Macul', 13);
INSERT INTO `mydb`.`Comuna` (`id_comuna`, `id_pais`, `nombre_comuna`, `id_region`) VALUES (13119, 1, 'Maipú', 13);
INSERT INTO `mydb`.`Comuna` (`id_comuna`, `id_pais`, `nombre_comuna`, `id_region`) VALUES (13120, 1, 'Ñuñoa', 13);
INSERT INTO `mydb`.`Comuna` (`id_comuna`, `id_pais`, `nombre_comuna`, `id_region`) VALUES (13121, 1, 'Pedro Aguirre Cerda', 13);
INSERT INTO `mydb`.`Comuna` (`id_comuna`, `id_pais`, `nombre_comuna`, `id_region`) VALUES (13122, 1, 'Peñalolén', 13);
INSERT INTO `mydb`.`Comuna` (`id_comuna`, `id_pais`, `nombre_comuna`, `id_region`) VALUES (13123, 1, 'Providencia', 13);
INSERT INTO `mydb`.`Comuna` (`id_comuna`, `id_pais`, `nombre_comuna`, `id_region`) VALUES (13124, 1, 'Pudahuel', 13);
INSERT INTO `mydb`.`Comuna` (`id_comuna`, `id_pais`, `nombre_comuna`, `id_region`) VALUES (13125, 1, 'Quilicura', 13);
INSERT INTO `mydb`.`Comuna` (`id_comuna`, `id_pais`, `nombre_comuna`, `id_region`) VALUES (13126, 1, 'Quinta Normal', 13);
INSERT INTO `mydb`.`Comuna` (`id_comuna`, `id_pais`, `nombre_comuna`, `id_region`) VALUES (13127, 1, 'Recoleta', 13);
INSERT INTO `mydb`.`Comuna` (`id_comuna`, `id_pais`, `nombre_comuna`, `id_region`) VALUES (13128, 1, 'Renca', 13);
INSERT INTO `mydb`.`Comuna` (`id_comuna`, `id_pais`, `nombre_comuna`, `id_region`) VALUES (13129, 1, 'San Joaquín', 13);
INSERT INTO `mydb`.`Comuna` (`id_comuna`, `id_pais`, `nombre_comuna`, `id_region`) VALUES (13130, 1, 'San Miguel', 13);
INSERT INTO `mydb`.`Comuna` (`id_comuna`, `id_pais`, `nombre_comuna`, `id_region`) VALUES (13131, 1, 'San Ramón', 13);
INSERT INTO `mydb`.`Comuna` (`id_comuna`, `id_pais`, `nombre_comuna`, `id_region`) VALUES (13132, 1, 'Vitacura', 13);
INSERT INTO `mydb`.`Comuna` (`id_comuna`, `id_pais`, `nombre_comuna`, `id_region`) VALUES (13201, 1, 'Puente Alto', 13);
INSERT INTO `mydb`.`Comuna` (`id_comuna`, `id_pais`, `nombre_comuna`, `id_region`) VALUES (13202, 1, 'Pirque', 13);
INSERT INTO `mydb`.`Comuna` (`id_comuna`, `id_pais`, `nombre_comuna`, `id_region`) VALUES (13203, 1, 'San José de Maipo', 13);
INSERT INTO `mydb`.`Comuna` (`id_comuna`, `id_pais`, `nombre_comuna`, `id_region`) VALUES (13301, 1, 'Colina', 13);
INSERT INTO `mydb`.`Comuna` (`id_comuna`, `id_pais`, `nombre_comuna`, `id_region`) VALUES (13302, 1, 'Lampa', 13);
INSERT INTO `mydb`.`Comuna` (`id_comuna`, `id_pais`, `nombre_comuna`, `id_region`) VALUES (13303, 1, 'Tiltil', 13);
INSERT INTO `mydb`.`Comuna` (`id_comuna`, `id_pais`, `nombre_comuna`, `id_region`) VALUES (13401, 1, 'San Bernardo', 13);
INSERT INTO `mydb`.`Comuna` (`id_comuna`, `id_pais`, `nombre_comuna`, `id_region`) VALUES (13402, 1, 'Buin', 13);
INSERT INTO `mydb`.`Comuna` (`id_comuna`, `id_pais`, `nombre_comuna`, `id_region`) VALUES (13403, 1, 'Calera de Tango', 13);
INSERT INTO `mydb`.`Comuna` (`id_comuna`, `id_pais`, `nombre_comuna`, `id_region`) VALUES (13404, 1, 'Paine', 13);
INSERT INTO `mydb`.`Comuna` (`id_comuna`, `id_pais`, `nombre_comuna`, `id_region`) VALUES (13501, 1, 'Melipilla', 13);
INSERT INTO `mydb`.`Comuna` (`id_comuna`, `id_pais`, `nombre_comuna`, `id_region`) VALUES (13502, 1, 'Alhué', 13);
INSERT INTO `mydb`.`Comuna` (`id_comuna`, `id_pais`, `nombre_comuna`, `id_region`) VALUES (13503, 1, 'Curacaví', 13);
INSERT INTO `mydb`.`Comuna` (`id_comuna`, `id_pais`, `nombre_comuna`, `id_region`) VALUES (13504, 1, 'María Pinto', 13);
INSERT INTO `mydb`.`Comuna` (`id_comuna`, `id_pais`, `nombre_comuna`, `id_region`) VALUES (13505, 1, 'San Pedro', 13);
INSERT INTO `mydb`.`Comuna` (`id_comuna`, `id_pais`, `nombre_comuna`, `id_region`) VALUES (13601, 1, 'Talagante', 13);
INSERT INTO `mydb`.`Comuna` (`id_comuna`, `id_pais`, `nombre_comuna`, `id_region`) VALUES (13602, 1, 'El Monte', 13);
INSERT INTO `mydb`.`Comuna` (`id_comuna`, `id_pais`, `nombre_comuna`, `id_region`) VALUES (13603, 1, 'Isla de Maipo', 13);
INSERT INTO `mydb`.`Comuna` (`id_comuna`, `id_pais`, `nombre_comuna`, `id_region`) VALUES (13604, 1, 'Padre Hurtado', 13);
INSERT INTO `mydb`.`Comuna` (`id_comuna`, `id_pais`, `nombre_comuna`, `id_region`) VALUES (13605, 1, 'Peñaflor', 13);
INSERT INTO `mydb`.`Comuna` (`id_comuna`, `id_pais`, `nombre_comuna`, `id_region`) VALUES (14101, 1, 'Valdivia', 14);
INSERT INTO `mydb`.`Comuna` (`id_comuna`, `id_pais`, `nombre_comuna`, `id_region`) VALUES (14102, 1, 'Corral', 14);
INSERT INTO `mydb`.`Comuna` (`id_comuna`, `id_pais`, `nombre_comuna`, `id_region`) VALUES (14103, 1, 'Lanco', 14);
INSERT INTO `mydb`.`Comuna` (`id_comuna`, `id_pais`, `nombre_comuna`, `id_region`) VALUES (14104, 1, 'Los Lagos', 14);
INSERT INTO `mydb`.`Comuna` (`id_comuna`, `id_pais`, `nombre_comuna`, `id_region`) VALUES (14105, 1, 'Máfil', 14);
INSERT INTO `mydb`.`Comuna` (`id_comuna`, `id_pais`, `nombre_comuna`, `id_region`) VALUES (14106, 1, 'Mariquina', 14);
INSERT INTO `mydb`.`Comuna` (`id_comuna`, `id_pais`, `nombre_comuna`, `id_region`) VALUES (14107, 1, 'Paillaco', 14);
INSERT INTO `mydb`.`Comuna` (`id_comuna`, `id_pais`, `nombre_comuna`, `id_region`) VALUES (14108, 1, 'Panguipulli', 14);
INSERT INTO `mydb`.`Comuna` (`id_comuna`, `id_pais`, `nombre_comuna`, `id_region`) VALUES (14201, 1, 'La Unión', 14);
INSERT INTO `mydb`.`Comuna` (`id_comuna`, `id_pais`, `nombre_comuna`, `id_region`) VALUES (14202, 1, 'Futrono', 14);
INSERT INTO `mydb`.`Comuna` (`id_comuna`, `id_pais`, `nombre_comuna`, `id_region`) VALUES (14203, 1, 'Lago Ranco', 14);
INSERT INTO `mydb`.`Comuna` (`id_comuna`, `id_pais`, `nombre_comuna`, `id_region`) VALUES (14204, 1, 'Río Bueno', 14);
INSERT INTO `mydb`.`Comuna` (`id_comuna`, `id_pais`, `nombre_comuna`, `id_region`) VALUES (15101, 1, 'Arica', 15);
INSERT INTO `mydb`.`Comuna` (`id_comuna`, `id_pais`, `nombre_comuna`, `id_region`) VALUES (15102, 1, 'Camarones', 15);
INSERT INTO `mydb`.`Comuna` (`id_comuna`, `id_pais`, `nombre_comuna`, `id_region`) VALUES (15201, 1, 'Putre', 15);
INSERT INTO `mydb`.`Comuna` (`id_comuna`, `id_pais`, `nombre_comuna`, `id_region`) VALUES (15202, 1, 'General Lagos', 15);

COMMIT;


-- -----------------------------------------------------
-- Data for table `mydb`.`Categorias`
-- -----------------------------------------------------
START TRANSACTION;
USE `mydb`;
INSERT INTO `mydb`.`Categorias` (`tipo`) VALUES ('Blazers');
INSERT INTO `mydb`.`Categorias` (`tipo`) VALUES ('Cardigans');
INSERT INTO `mydb`.`Categorias` (`tipo`) VALUES ('Vestidos');
INSERT INTO `mydb`.`Categorias` (`tipo`) VALUES ('Íntimos');
INSERT INTO `mydb`.`Categorias` (`tipo`) VALUES ('Jeans');
INSERT INTO `mydb`.`Categorias` (`tipo`) VALUES ('Una pieza');
INSERT INTO `mydb`.`Categorias` (`tipo`) VALUES ('Ropa de calle');
INSERT INTO `mydb`.`Categorias` (`tipo`) VALUES ('Pantalones');
INSERT INTO `mydb`.`Categorias` (`tipo`) VALUES ('Camizas');
INSERT INTO `mydb`.`Categorias` (`tipo`) VALUES ('Shorts');
INSERT INTO `mydb`.`Categorias` (`tipo`) VALUES ('Faldas');
INSERT INTO `mydb`.`Categorias` (`tipo`) VALUES ('Trajes');
INSERT INTO `mydb`.`Categorias` (`tipo`) VALUES ('Sweaters');
INSERT INTO `mydb`.`Categorias` (`tipo`) VALUES ('Trajes de baño');
INSERT INTO `mydb`.`Categorias` (`tipo`) VALUES ('Tops');
INSERT INTO `mydb`.`Categorias` (`tipo`) VALUES ('Chalecos');
INSERT INTO `mydb`.`Categorias` (`tipo`) VALUES ('Botas');
INSERT INTO `mydb`.`Categorias` (`tipo`) VALUES ('Zapatos de vestir');
INSERT INTO `mydb`.`Categorias` (`tipo`) VALUES ('Zapatos planos');
INSERT INTO `mydb`.`Categorias` (`tipo`) VALUES ('Tacones');
INSERT INTO `mydb`.`Categorias` (`tipo`) VALUES ('Plataforma');
INSERT INTO `mydb`.`Categorias` (`tipo`) VALUES ('Sandalias');
INSERT INTO `mydb`.`Categorias` (`tipo`) VALUES ('Zapatillas');
INSERT INTO `mydb`.`Categorias` (`tipo`) VALUES ('Bolsos');
INSERT INTO `mydb`.`Categorias` (`tipo`) VALUES ('Cinturones');
INSERT INTO `mydb`.`Categorias` (`tipo`) VALUES ('Broches de camisa');
INSERT INTO `mydb`.`Categorias` (`tipo`) VALUES ('Lentes');
INSERT INTO `mydb`.`Categorias` (`tipo`) VALUES ('Guantes');
INSERT INTO `mydb`.`Categorias` (`tipo`) VALUES ('Pelucas');
INSERT INTO `mydb`.`Categorias` (`tipo`) VALUES ('Gorros');
INSERT INTO `mydb`.`Categorias` (`tipo`) VALUES ('Joyería');
INSERT INTO `mydb`.`Categorias` (`tipo`) VALUES ('Leggings');
INSERT INTO `mydb`.`Categorias` (`tipo`) VALUES ('Bufandas');
INSERT INTO `mydb`.`Categorias` (`tipo`) VALUES ('Calcetines');
INSERT INTO `mydb`.`Categorias` (`tipo`) VALUES ('Tirantes');
INSERT INTO `mydb`.`Categorias` (`tipo`) VALUES ('Corbatas');
INSERT INTO `mydb`.`Categorias` (`tipo`) VALUES ('Sombrillas');
INSERT INTO `mydb`.`Categorias` (`tipo`) VALUES ('Billeteras');
INSERT INTO `mydb`.`Categorias` (`tipo`) VALUES ('Relojes');

COMMIT;
