-- MySQL Script generated by MySQL Workbench
-- Thu May 25 03:39:43 2017
-- Model: New Model    Version: 1.0
-- MySQL Workbench Forward Engineering

SET @OLD_UNIQUE_CHECKS=@@UNIQUE_CHECKS, UNIQUE_CHECKS=0;
SET @OLD_FOREIGN_KEY_CHECKS=@@FOREIGN_KEY_CHECKS, FOREIGN_KEY_CHECKS=0;
SET @OLD_SQL_MODE=@@SQL_MODE, SQL_MODE='TRADITIONAL,ALLOW_INVALID_DATES';

-- -----------------------------------------------------
-- Schema mydb
-- -----------------------------------------------------
DROP SCHEMA IF EXISTS `mydb` ;

-- -----------------------------------------------------
-- Schema mydb
-- -----------------------------------------------------
CREATE SCHEMA IF NOT EXISTS `mydb` DEFAULT CHARACTER SET utf8 COLLATE utf8_spanish_ci ;
USE `mydb` ;

-- -----------------------------------------------------
-- Table `mydb`.`Pais`
-- -----------------------------------------------------
DROP TABLE IF EXISTS `mydb`.`Pais` ;

CREATE TABLE IF NOT EXISTS `mydb`.`Pais` (
  `id_pais` INT NOT NULL AUTO_INCREMENT,
  `nombre_pais` VARCHAR(45) NOT NULL,
  `bandera` BLOB NOT NULL,
  PRIMARY KEY (`id_pais`))
ENGINE = InnoDB;


-- -----------------------------------------------------
-- Table `mydb`.`Rol`
-- -----------------------------------------------------
DROP TABLE IF EXISTS `mydb`.`Rol` ;

CREATE TABLE IF NOT EXISTS `mydb`.`Rol` (
  `id_Rol` INT NOT NULL AUTO_INCREMENT,
  `tipo` VARCHAR(45) NOT NULL,
  PRIMARY KEY (`id_Rol`))
ENGINE = InnoDB;


-- -----------------------------------------------------
-- Table `mydb`.`Region`
-- -----------------------------------------------------
DROP TABLE IF EXISTS `mydb`.`Region` ;

CREATE TABLE IF NOT EXISTS `mydb`.`Region` (
  `id_Region` INT NOT NULL AUTO_INCREMENT,
  `nombre_region` VARCHAR(45) NULL,
  `id_pais` INT NOT NULL,
  PRIMARY KEY (`id_Region`),
  INDEX `fk_pais_de_region_idx` (`id_pais` ASC),
  CONSTRAINT `fk_pais_de_region`
    FOREIGN KEY (`id_pais`)
    REFERENCES `mydb`.`Pais` (`id_pais`)
    ON DELETE NO ACTION
    ON UPDATE NO ACTION)
ENGINE = InnoDB;


-- -----------------------------------------------------
-- Table `mydb`.`Comuna`
-- -----------------------------------------------------
DROP TABLE IF EXISTS `mydb`.`Comuna` ;

CREATE TABLE IF NOT EXISTS `mydb`.`Comuna` (
  `id_comuna` INT NOT NULL AUTO_INCREMENT,
  `id_pais` INT NOT NULL,
  `nombre_comuna` VARCHAR(45) NOT NULL,
  `id_region` INT NOT NULL,
  PRIMARY KEY (`id_comuna`),
  INDEX `fk_pais_idx` (`id_pais` ASC),
  INDEX `fk_region_idx` (`id_region` ASC),
  CONSTRAINT `fk_pais`
    FOREIGN KEY (`id_pais`)
    REFERENCES `mydb`.`Pais` (`id_pais`)
    ON DELETE NO ACTION
    ON UPDATE NO ACTION,
  CONSTRAINT `fk_region`
    FOREIGN KEY (`id_region`)
    REFERENCES `mydb`.`Region` (`id_Region`)
    ON DELETE NO ACTION
    ON UPDATE NO ACTION)
ENGINE = InnoDB;


-- -----------------------------------------------------
-- Table `mydb`.`Usuario`
-- -----------------------------------------------------
DROP TABLE IF EXISTS `mydb`.`Usuario` ;

CREATE TABLE IF NOT EXISTS `mydb`.`Usuario` (
  `id_usuario` INT NOT NULL AUTO_INCREMENT,
  `nombres` VARCHAR(45) NOT NULL,
  `ape_paterno` VARCHAR(45) NOT NULL,
  `ape_materno` VARCHAR(45) NOT NULL,
  `nick` VARCHAR(45) NOT NULL,
  `correo` VARCHAR(255) NOT NULL,
  `rol` INT NOT NULL,
  `id_nacionalidad` INT NOT NULL,
  `descripcion` VARCHAR(500) NULL,
  `gustos` LONGTEXT NULL,
  `id_seguidos` LONGTEXT NULL,
  `seguidores` LONGTEXT NULL,
  `portada_img` BLOB NOT NULL,
  `perfil_img` BLOB NOT NULL,
  `comuna` INT NULL,
  `telefono` VARCHAR(13) NOT NULL,
  `fecha_registro` TIMESTAMP NOT NULL DEFAULT CURRENT_TIMESTAMP,
  PRIMARY KEY (`id_usuario`),
  UNIQUE INDEX `nick_UNIQUE` (`nick` ASC),
  INDEX `fk_nacionalidad_idx` (`id_nacionalidad` ASC),
  INDEX `fk_rol_idx` (`rol` ASC),
  INDEX `fk_comuna_idx` (`comuna` ASC),
  UNIQUE INDEX `id_usuario_UNIQUE` (`id_usuario` ASC),
  CONSTRAINT `fk_nacionalidad`
    FOREIGN KEY (`id_nacionalidad`)
    REFERENCES `mydb`.`Pais` (`id_pais`)
    ON DELETE NO ACTION
    ON UPDATE NO ACTION,
  CONSTRAINT `fk_rol`
    FOREIGN KEY (`rol`)
    REFERENCES `mydb`.`Rol` (`id_Rol`)
    ON DELETE NO ACTION
    ON UPDATE NO ACTION,
  CONSTRAINT `fk_comuna`
    FOREIGN KEY (`comuna`)
    REFERENCES `mydb`.`Comuna` (`id_comuna`)
    ON DELETE NO ACTION
    ON UPDATE NO ACTION)
ENGINE = InnoDB;


-- -----------------------------------------------------
-- Table `mydb`.`Categorias`
-- -----------------------------------------------------
DROP TABLE IF EXISTS `mydb`.`Categorias` ;

CREATE TABLE IF NOT EXISTS `mydb`.`Categorias` (
  `tipo` VARCHAR(45) NOT NULL,
  PRIMARY KEY (`tipo`))
ENGINE = InnoDB;


-- -----------------------------------------------------
-- Table `mydb`.`Album`
-- -----------------------------------------------------
DROP TABLE IF EXISTS `mydb`.`Album` ;

CREATE TABLE IF NOT EXISTS `mydb`.`Album` (
  `id_album` INT NOT NULL AUTO_INCREMENT,
  `portada` BLOB NOT NULL,
  `id_usuario` INT NOT NULL,
  `fecha` TIMESTAMP NOT NULL DEFAULT  CURRENT_TIMESTAMP,
  `tipo` VARCHAR(45) NOT NULL,
  PRIMARY KEY (`id_album`),
  INDEX `FK_ID_USUARIO_idx` (`id_usuario` ASC),
  INDEX `fk_album_tipo_idx` (`tipo` ASC),
  CONSTRAINT `FK_ID_USUARIO_album`
    FOREIGN KEY (`id_usuario`)
    REFERENCES `mydb`.`Usuario` (`id_usuario`)
    ON DELETE NO ACTION
    ON UPDATE NO ACTION,
  CONSTRAINT `fk_album_tipo`
    FOREIGN KEY (`tipo`)
    REFERENCES `mydb`.`Categorias` (`tipo`)
    ON DELETE NO ACTION
    ON UPDATE NO ACTION)
ENGINE = InnoDB;


-- -----------------------------------------------------
-- Table `mydb`.`Foto`
-- -----------------------------------------------------
DROP TABLE IF EXISTS `mydb`.`Foto` ;

CREATE TABLE IF NOT EXISTS `mydb`.`Foto` (
  `id_foto` INT NOT NULL AUTO_INCREMENT,
  `foto` BLOB NOT NULL,
  `fecha` TIMESTAMP NOT NULL DEFAULT CURRENT_TIMESTAMP,
  `id_album` INT NULL,
  `tipo` VARCHAR(45) NOT NULL,
  PRIMARY KEY (`id_foto`),
  INDEX `FK_ID_ALBUM_idx` (`id_album` ASC),
  INDEX `fk_foto_tipo_idx` (`tipo` ASC),
  CONSTRAINT `FK_ID_ALBUM`
    FOREIGN KEY (`id_album`)
    REFERENCES `mydb`.`Album` (`id_album`)
    ON DELETE NO ACTION
    ON UPDATE NO ACTION,
  CONSTRAINT `fk_foto_tipo`
    FOREIGN KEY (`tipo`)
    REFERENCES `mydb`.`Categorias` (`tipo`)
    ON DELETE NO ACTION
    ON UPDATE NO ACTION)
ENGINE = InnoDB;


-- -----------------------------------------------------
-- Table `mydb`.`Validacion`
-- -----------------------------------------------------
DROP TABLE IF EXISTS `mydb`.`Validacion` ;

CREATE TABLE IF NOT EXISTS `mydb`.`Validacion` (
  `id_usuario` INT NOT NULL,
  `pass` MEDIUMTEXT NOT NULL,
  INDEX `FK_ID_USUARIO_idx` (`id_usuario` ASC),
  CONSTRAINT `FK_ID_USUARIO`
    FOREIGN KEY (`id_usuario`)
    REFERENCES `mydb`.`Usuario` (`id_usuario`)
    ON DELETE NO ACTION
    ON UPDATE NO ACTION)
ENGINE = InnoDB;


-- -----------------------------------------------------
-- Table `mydb`.`Comentarios`
-- -----------------------------------------------------
DROP TABLE IF EXISTS `mydb`.`Comentarios` ;

CREATE TABLE IF NOT EXISTS `mydb`.`Comentarios` (
  `id_album` INT NOT NULL,
  `id_foto` INT NOT NULL,
  `fecha` TIMESTAMP NOT NULL DEFAULT CURRENT_TIMESTAMP,
  `comentario` LONGTEXT NOT NULL,
  `id_comentario` INT NOT NULL AUTO_INCREMENT,
  INDEX `FK_ID_FOTO_idx` (`id_foto` ASC),
  INDEX `FK_ID_ALBUM_idx` (`id_album` ASC),
  PRIMARY KEY (`id_comentario`),
  CONSTRAINT `FK_ID_FOTO`
    FOREIGN KEY (`id_foto`)
    REFERENCES `mydb`.`Foto` (`id_foto`)
    ON DELETE NO ACTION
    ON UPDATE NO ACTION,
  CONSTRAINT `FK_ID_ALBUM_COMENTARIO`
    FOREIGN KEY (`id_album`)
    REFERENCES `mydb`.`Album` (`id_album`)
    ON DELETE NO ACTION
    ON UPDATE NO ACTION)
ENGINE = InnoDB;


-- -----------------------------------------------------
-- Table `mydb`.`Contactos`
-- -----------------------------------------------------
DROP TABLE IF EXISTS `mydb`.`Contactos` ;

CREATE TABLE IF NOT EXISTS `mydb`.`Contactos` (
  `id_Contactos` INT NOT NULL AUTO_INCREMENT,
  `id_contactador` INT NOT NULL,
  `id_contactado` INT NOT NULL,
  `tipo_trabajo` VARCHAR(45) NOT NULL,
  `valor` VARCHAR(45) NOT NULL,
  `fecha` TIMESTAMP NOT NULL DEFAULT CURRENT_TIMESTAMP,
  PRIMARY KEY (`id_Contactos`),
  INDEX `fk_contacto_idx` (`id_contactador` ASC),
  INDEX `fk_contactado_idx` (`id_contactado` ASC),
  CONSTRAINT `fk_contacto`
    FOREIGN KEY (`id_contactador`)
    REFERENCES `mydb`.`Usuario` (`id_usuario`)
    ON DELETE NO ACTION
    ON UPDATE NO ACTION,
  CONSTRAINT `fk_contactado`
    FOREIGN KEY (`id_contactado`)
    REFERENCES `mydb`.`Usuario` (`id_usuario`)
    ON DELETE NO ACTION
    ON UPDATE NO ACTION)
ENGINE = InnoDB;


SET SQL_MODE=@OLD_SQL_MODE;
SET FOREIGN_KEY_CHECKS=@OLD_FOREIGN_KEY_CHECKS;
SET UNIQUE_CHECKS=@OLD_UNIQUE_CHECKS;

-- -----------------------------------------------------
-- Data for table `mydb`.`Pais`
-- -----------------------------------------------------
START TRANSACTION;
USE `mydb`;
INSERT INTO `mydb`.`Pais` (`id_pais`, `nombre_pais`, `bandera`) VALUES (1, 'Chile', 0x00000100050010100000010020006804000056000000181800000100200088090000BE0400002020000001002000A8100000460E00003030000001002000A8250000EE1E000040400000010020002842000096440000280000001000000020000000010020000000000000040000120B0000120B000000000000000000000000000000000000000000000000000000000000000000000000000000000000000000000000000000000000000000000000000000000000000000000000000001010002010100070101000A0101000A0101000A0101000A0101000A0101000A0101000A0101000A0101000A0101000A0101000A0101000A010100070101000201010007010100150101001C0101001C0101001C0101001C0101001C0101001C0101001C0101001C0101001C0101001C0101001C0101001C01010015010100070101000A252EA0FF2932A1FF2D36ABFF2E37AEFF2E37AEFF2E37AEFF2E37AEFF2E37AEFF2E37AEFF2E37AEFF2E37AEFF2D36ABFF2932A1FF252EA0FF0101000A0101000A1D27A5FF3640C0FF3B45C4FF414BC8FF4750CAFF4B54CBFF4F58CCFF4F58CCFF4E57CCFF4952CAFF444DC8FF3E48C6FF3741C0FF1D27A5FF0101000A0101000A1924A9FF343FCAFF2A35C8FF2A35C8FF2A35C8FF2A35C8FF2A35C8FF2A35C8FF2A35C8FF2A35C8FF2A35C8FF2A35C8FF343FCAFF1924A9FF0101000A0101000A1A24ABFF3C47D1FF333ECFFF333ECFFF333ECFFF333ECFFF333ECFFF333ECFFF333ECFFF333ECFFF333ECFFF333ECFFF3C47D1FF1A24ABFF0101000A0101000A1A25ADFF444FD8FF3B46D6FF3B46D6FF3B46D6FF3B46D6FF3B46D6FF3B46D6FF3B46D6FF3B46D6FF3B46D6FF3B46D6FF444FD8FF1A25ADFF0101000A0101000A893102FFB96336FFB55A2BFFB55A2BFFB55A2BFFB55A2BFFFFFFFFFFFFFFFFFFFFFFFFFFFFFFFFFFFFFFFFFFFFFFFFFFFFFFFFFFD2D2D2FF0101000A0101000A8B3102FFBE6E44FFC47B55FFC47B55FFBB683DFFB86133FFFFFFFFFFFFFFFFFFFFFFFFFFFFFFFFFFFFFFFFFFFFFFFFFFFFFFFFFFD5D5D5FF0101000A0101000A8D3202FFBE6F45FFF3E6DFFFF3E6DFFFBB673BFFBB673BFFFFFFFFFFFFFFFFFFFFFFFFFFFFFFFFFFFFFFFFFFFFFFFFFFFFFFFFFFD8D8D8FF0101000A0101000A8F3202FFD39D81FFF0DCD3FFEFDBD1FFD1987AFFBD6D43FFFFFFFFFFFFFFFFFFFFFFFFFFFFFFFFFFFFFFFFFFFFFFFFFFFFFFFFFFDADADAFF0101000A01010007903100FFD5A186FFDCB29BFFDCB29BFFD5A186FFD5A186FFFFFFFFFFFFFFFFFFFFFFFFFFFFFFFFFFFFFFFFFFFFFFFFFFFFFFFFFFDDDDDDFF0101000701010002913200FF913200FF913200FF913200FF913200FF913200FFDFDFDFFFDFDFDFFFDFDFDFFFDFDFDFFFDFDFDFFFDFDFDFFFDFDFDFFFDFDFDFFF010100020000000000000000000000000000000000000000000000000000000000000000000000000000000000000000000000000000000000000000000000000000000000000000000000000000000000000000000000000000000000000000000000000000000000000000000000000000000000000000000000000000000000000000FFFF000000000000000000000000000000000000000000000000000000000000000000000000000000000000000000000000000000000000FFFF0000FFFF0000280000001800000030000000010020000000000000090000120B0000120B00000000000000000000FFFFFF00FFFFFF00FFFFFF00FFFFFF00FFFFFF00FFFFFF00FFFFFF00FFFFFF00FFFFFF00FFFFFF00FFFFFF00FFFFFF00FFFFFF00FFFFFF00FFFFFF00FFFFFF00FFFFFF00FFFFFF00FFFFFF00FFFFFF00FFFFFF00FFFFFF00FFFFFF00FFFFFF00FFFFFF00FFFFFF00FFFFFF00FFFFFF00FFFFFF00FFFFFF00FFFFFF00FFFFFF00FFFFFF00FFFFFF00FFFFFF00FFFFFF00FFFFFF00FFFFFF00FFFFFF00FFFFFF00FFFFFF00FFFFFF00FFFFFF00FFFFFF00FFFFFF00FFFFFF00FFFFFF00FFFFFF00010100040101000C01010010010100100101001001010010010100100101001001010010010100100101001001010010010100100101001001010010010100100101001001010010010100100101001001010010010100100101000C010100040101000C010100240101003001010030010100300101003001010030010100300101003001010030010100300101003001010030010100300101003001010030010100300101003001010030010100300101003001010030010100240101000C0101001021299CFF242D9DFF252EA1FF262FA3FF262FA5FF262FA6FF262FA7FF262FA7FF262FA7FF262FA7FF262FA7FF262FA7FF262FA7FF262FA7FF262FA7FF262FA7FF262FA6FF262FA5FF262FA3FF252EA1FF242D9DFF21299CFF01010010010100101A2296FF1F2AB3FF212CB8FF2833BEFF2E38C1FF323DC4FF343EC4FF3640C5FF3842C6FF3842C6FF3842C6FF3842C6FF3842C6FF3842C6FF3640C5FF343EC4FF323DC4FF2E38C1FF2833BEFF212CB8FF1F2AB3FF1A2296FF0101001001010010172096FF1D28B4FF1F2ABBFF1F2ABEFF1F2BBFFF202BC0FF202BC0FF202BC0FF202BC0FF202BC0FF202BC0FF202BC0FF202BC0FF202BC0FF202BC0FF202BC0FF202BC0FF1F2BBFFF1F2ABEFF1F2ABBFF1D28B4FF172096FF0101001001010010172198FF212CB7FF222DBFFF232EC1FF232EC2FF222EC3FF222EC3FF222EC3FF222EC3FF222EC3FF222EC3FF222EC3FF222EC3FF222EC3FF222EC3FF222EC3FF222EC3FF232EC2FF232EC1FF222DBFFF212CB7FF172198FF0101001001010010182198FF2530BAFF2631C1FF2632C4FF2732C5FF2732C5FF2732C5FF2732C5FF2732C5FF2732C5FF2732C5FF2732C5FF2732C5FF2732C5FF2732C5FF2732C5FF2732C5FF2732C5FF2632C4FF2631C1FF2530BAFF182198FF010100100101001018219AFF2933BDFF2A35C4FF2B36C6FF2A35C7FF2A35C8FF2A35C8FF2A35C8FF2A35C8FF2A35C8FF2A35C8FF2A35C8FF2A35C8FF2A35C8FF2A35C8FF2A35C8FF2A35C8FF2A35C7FF2B36C6FF2A35C4FF2933BDFF18219AFF010100100101001018219CFF2D38C0FF2E39C7FF2E39C9FF2E39CAFF2F3ACBFF2F3ACBFF2F3ACBFF2F3ACBFF2F3ACBFF2F3ACBFF2F3ACBFF2F3ACBFF2F3ACBFF2F3ACBFF2F3ACBFF2F3ACBFF2E39CAFF2E39C9FF2E39C7FF2D38C0FF18219CFF010100100101001018219CFF3B45C6FF3E48CDFF3F49CFFF3F49D0FF3E49D1FF3E49D1FF3E49D1FF3E49D1FF3E49D1FF3E49D1FF3E49D1FF3E49D1FF3E49D1FF3E49D1FF3E49D1FF3E49D1FF3F49D0FF3F49CFFF3E48CDFF3B45C6FF18219CFF01010010010100107C2C02FFA55328FFAA5427FFAC5427FFAC5527FFAD5527FFAD5527FFAD5527FFF4F4F4FFF4F4F4FFF4F4F4FFF4F4F4FFF4F4F4FFF4F4F4FFF4F4F4FFF4F4F4FFF4F4F4FFF4F4F4FFF3F3F3FFF0F0F0FFE8E8E8FFBDBDBDFF01010010010100107D2D02FFAB5C33FFB66D46FFB15D32FFB15D32FFB96E46FFB25D31FFB25D31FFF6F6F6FFF6F6F6FFF6F6F6FFF6F6F6FFF6F6F6FFF6F6F6FFF6F6F6FFF6F6F6FFF6F6F6FFF6F6F6FFF5F5F5FFF2F2F2FFEBEBEBFFBFBFBFFF01010010010100107E2D02FFB0643DFFD2A791FFD8B19DFFD9B29EFFD6AA93FFB7673CFFB7673CFFF9F9F9FFF9F9F9FFF9F9F9FFF9F9F9FFF9F9F9FFF9F9F9FFF9F9F9FFF9F9F9FFF9F9F9FFF8F8F8FFF7F7F7FFF5F5F5FFEDEDEDFFC0C0C0FF01010010010100107F2D02FFB56D47FFC88E6FFFF9F9F9FFFAFAFAFFCB9071FFBC6E46FFBC6E46FFFBFBFBFFFBFBFBFFFBFBFBFFFBFBFBFFFBFBFBFFFBFBFBFFFBFBFBFFFBFBFBFFFBFBFBFFFAFAFAFFF9F9F9FFF7F7F7FFF0F0F0FFC2C2C2FF0101001001010010802D02FFCFA48DFFF6F2F0FFFBFBFBFFFCFCFCFFF9F5F3FFD4A389FFC07650FFFDFDFDFFFDFDFDFFFDFDFDFFFDFDFDFFFDFDFDFFFDFDFDFFFDFDFDFFFDFDFDFFFDFDFDFFFCFCFCFFFBFBFBFFF8F8F8FFF2F2F2FFC3C3C3FF0101001001010010802E02FFC38768FFC07B56FFDEBAA8FFDFBBA9FFC37C57FFC37C57FFC37C57FFFEFEFEFFFEFEFEFFFEFEFEFFFEFEFEFFFEFEFEFFFEFEFEFFFEFEFEFFFEFEFEFFFEFEFEFFFDFDFDFFFBFBFBFFF8F8F8FFF3F3F3FFC4C4C4FF010100100101000C944C26FFCC987DFFCB9274FFD7AA93FFDBAF99FFD5A288FFD5A48AFFD6A58CFFFEFEFEFFFEFEFEFFFEFEFEFFFEFEFEFFFEFEFEFFFEFEFEFFFEFEFEFFFEFEFEFFFEFEFEFFFDFDFDFFFCFCFCFFF9F9F9FFF5F5F5FFCECECEFF0101000C01010004974D26FF974D26FF994E26FF9B4E26FF9D4F26FF9E4F26FF9E4F26FF9E4F26FFDFDFDFFFDFDFDFFFDFDFDFFFDFDFDFFFDFDFDFFFDFDFDFFFDFDFDFFFDFDFDFFFDEDEDEFFDCDCDCFFDADADAFFD7D7D7FFD3D3D3FFD3D3D3FF01010004000000000000000000000000000000000000000000000000000000000000000000000000000000000000000000000000000000000000000000000000000000000000000000000000000000000000000000000000000000000000000000000000000000000000000000000000000000000000000000000000000000000000000000000000000000000000000000000000000000000000000000000000000000000000000000000000000000000000000000000000000000000000000000000000000000000000000000000000000000000000000000000000000000000000000000000000000000000000000000000000000000000000000000000000000000000000000000000000000000000000000000000000000000000000000000000000000000000000000000000000000000000000000000000000000000000000000000000000000000000000000000000000000000000000000000000000000000000000000000000000000000000000000000000000000000000000000000000000FFFFFF00FFFFFF00000000000000000000000000000000000000000000000000000000000000000000000000000000000000000000000000000000000000000000000000000000000000000000000000FFFFFF00FFFFFF00FFFFFF00FFFFFF00280000002000000040000000010020000000000000100000120B0000120B000000000000000000000000000000000000000000000000000000000000000000000000000000000000000000000000000000000000000000000000000000000000000000000000000000000000000000000000000000000000000000000000000000000000000000000000000000000000000000000000000000000000000000000000000000000000000000000000000000000000000000000000000000000000000000000000000000000000000000000000000000000000000000000000000000000000000000000000000000000000000000000000000000000000000000000000000000000000000000000000000000000000000000000000000000000000000000000000000000000000000000000000000000000000000000000000000000000000000000000000000000000000000000000000000000000000000000000000000000000000000000000000000000000000000000000000000000000000000000000000000000000000000000000000000000000000000000000000000000000000000000000000000000000000000000000000000000000000000000000000000000000000000000000000000000000000000000000000000000000000000000000000000000000000000000000000000000000000000000000000000000000000000000000000000000000000000000000000000000000000000000000000000000000000010100040101000C010100100101001001010010010100100101001001010010010100100101001001010010010100100101001001010010010100100101001001010010010100100101001001010010010100100101001001010010010100100101001001010010010100100101001001010010010100100101000C010100040101000C0101002401010030010100300101003001010030010100300101003001010030010100300101003001010030010100300101003001010030010100300101003001010030010100300101003001010030010100300101003001010030010100300101003001010030010100300101003001010030010100240101000C010100102F3589FF353B86FF3B418DFF424899FF454CA0FF464DA3FF464DA3FF464DA3FF464DA3FF464DA3FF464DA3FF464DA3FF464DA3FF464DA3FF464DA3FF464DA3FF464DA3FF464DA3FF464DA3FF464DA3FF464DA3FF464DA3FF464DA3FF464DA3FF464DA3FF464DA3FF454CA0FF404697FF363C8AFF2D3385FF0101001001010010252B85FF3A42B1FF3E46B8FF444DC5FF4650D1FF4852D5FF4853D7FF4853D8FF4853D9FF4953D9FF4953DAFF4954DAFF4A54DBFF4A54DCFF4A55DDFF4A55DDFF4A54DCFF4A54DBFF4954DAFF4953DAFF4953D9FF4853D9FF4853D8FF4853D7FF4852D6FF4852D5FF4751CFFF424CC7FF3B44B7FF232A80FF01010010010100101D2489FF333DBAFF2B35BDFF2D38C5FF2F3ACCFF303BD0FF303BD1FF303BD2FF303CD4FF303CD4FF303CD5FF303CD6FF303CD6FF303CD7FF313DD8FF313DD8FF303CD7FF303CD6FF303CD6FF303CD5FF303CD4FF303CD4FF303BD2FF303BD1FF303BD0FF2F3ACEFF2E39CBFF2D38C5FF343EBEFF1C2487FF010100100101001019228FFF343EC3FF2833C3FF2934C8FF2935CCFF2A36CEFF2A36CFFF2B37D1FF2B37D2FF2B37D3FF2C37D3FF2C38D4FF2B37D5FF2B37D5FF2B37D6FF2B37D6FF2B37D5FF2B37D5FF2C38D4FF2C37D3FF2B37D3FF2B37D2FF2B37D1FF2A36CFFF2A36CEFF2935CDFF2935CBFF2834C6FF343EC4FF19218EFF01010010010100101A2394FF3843C9FF2D38C8FF2E39CAFF2E39CDFF2E39CFFF2E3AD0FF2F3BD2FF2F3BD3FF303CD4FF303CD4FF303CD4FF303CD5FF303CD5FF303CD6FF303CD6FF303CD5FF303CD5FF303CD4FF303CD4FF303CD4FF2F3BD3FF2F3BD2FF2E3AD0FF2E39CFFF2E39CDFF2E39CBFF2D38C9FF3943C9FF1A2293FF01010010010100101B2397FF3C46CAFF313CCAFF323DCBFF323DCEFF323ED0FF333ED1FF333ED2FF343FD3FF343FD4FF343FD5FF343FD5FF343FD5FF343FD5FF343FD6FF343FD6FF343FD5FF343FD5FF343FD5FF343FD5FF343FD4FF343FD3FF333ED2FF333ED1FF323ED0FF323DCEFF323DCBFF313CCAFF3C46CAFF1A2397FF01010010010100101B249AFF424BCBFF3640CAFF3641CCFF3742CEFF3842D0FF3843D1FF3743D3FF3843D4FF3944D5FF3944D5FF3944D6FF3944D6FF3945D7FF3945D7FF3945D7FF3945D7FF3944D6FF3944D6FF3944D5FF3944D5FF3843D4FF3743D3FF3843D1FF3842D0FF3742CEFF3641CCFF3640CAFF424BCBFF1B249AFF01010010010100101B249CFF454ECBFF3B45CAFF3B45CDFF3C47CFFF3D47D1FF3D48D2FF3D48D3FF3E49D4FF3E49D5FF3E49D5FF3E49D6FF3E49D6FF3E49D7FF3E49D7FF3E49D7FF3E49D7FF3E49D6FF3E49D6FF3E49D5FF3E49D5FF3E49D4FF3D48D3FF3D48D2FF3D47D1FF3C47CFFF3B45CDFF3B45CAFF454ECBFF1B249CFF01010010010100101B259FFF4A53CBFF404ACAFF404ACDFF424CD0FF424DD1FF434DD3FF434DD4FF434DD5FF444ED5FF444ED6FF444ED6FF444ED6FF444ED7FF444ED7FF444ED7FF444ED7FF444ED6FF444ED6FF444ED6FF444ED5FF434DD5FF434DD4FF434DD3FF424DD1FF424CD0FF404ACDFF404ACAFF4A53CBFF1B259FFF01010010010100101C25A1FF4F58CCFF454FCBFF464FCDFF4650D0FF4751D2FF4751D3FF4751D4FF4852D5FF4953D6FF4953D7FF4953D7FF4953D7FF4953D7FF4953D7FF4953D7FF4953D7FF4953D7FF4953D7FF4953D7FF4953D6FF4852D5FF4751D4FF4751D3FF4751D2FF4650D0FF464FCDFF454FCBFF4F58CCFF1C25A1FF0101001001010010803006FFAC643EFFAA5D35FFAB5D34FFAE5E35FFAF5F35FFB16036FFB16136FFB26136FFB36237FFF6F6F6FFF6F6F6FFF6F6F6FFF7F7F7FFF7F7F7FFF7F7F7FFF7F7F7FFF6F6F6FFF6F6F6FFF6F6F6FFF5F5F5FFF4F4F4FFF3F3F3FFF2F2F2FFF0F0F0FFEFEFEFFFEBEBEBFFE9E9E9FFE7E7E7FFC2C2C2FF0101001001010010823106FFAE6945FFAB6039FFAD623BFFAF643CFFB0643CFFB2653DFFB3653DFFB3653CFFB4653CFFF5F5F5FFF5F5F5FFF5F5F5FFF6F6F6FFF6F6F6FFF6F6F6FFF6F6F6FFF5F5F5FFF5F5F5FFF5F5F5FFF4F4F4FFF2F2F2FFF2F2F2FFF1F1F1FFEFEFEFFFEDEDEDFFEAEAEAFFE7E7E7FFE7E7E7FFC5C5C5FF0101001001010010843106FFB6704CFFB36942FFBC7956FFB86C44FFB96C44FFC17C58FFBB6E45FFBC6E45FFBD6E45FFFDFDFDFFFEFEFEFFFEFEFEFFFFFFFFFFFFFFFFFFFFFFFFFFFFFFFFFFFEFEFEFFFEFEFEFFFDFDFDFFFDFDFDFFFCFCFCFFFBFBFBFFFAFAFAFFF8F8F8FFF6F6F6FFF3F3F3FFF0F0F0FFEFEFEFFFC8C8C8FF0101001001010010863206FFB87552FFB56E48FFD2AB96FFD8B4A2FFDAB6A4FFD8B09AFFBE724BFFBE734BFFBF734BFFFDFDFDFFFEFEFEFFFEFEFEFFFFFFFFFFFFFFFFFFFFFFFFFFFFFFFFFFFEFEFEFFFEFEFEFFFDFDFDFFFDFDFDFFFCFCFCFFFBFBFBFFF9F9F9FFF7F7F7FFF5F5F5FFF2F2F2FFF0F0F0FFEFEFEFFFCBCBCBFF0101001001010010883306FFBA7856FFB7714CFFC69074FFF5F5F5FFF7F7F7FFCC9477FFBE754FFFBF7650FFC07750FFFDFDFDFFFEFEFEFFFEFEFEFFFEFEFEFFFFFFFFFFFFFFFFFFFEFEFEFFFEFEFEFFFEFEFEFFFDFDFDFFFCFCFCFFFBFBFBFFFAFAFAFFF9F9F9FFF7F7F7FFF5F5F5FFF2F2F2FFF0F0F0FFEFEFEFFFCECECEFF01010010010100108A3306FFBC7C5BFFCB9D85FFEFECEAFFF4F4F4FFF6F6F6FFF5F0EEFFD3A48BFFC17A55FFC27A55FFFDFDFDFFFDFDFDFFFEFEFEFFFEFEFEFFFFFFFFFFFFFFFFFFFEFEFEFFFEFEFEFFFDFDFDFFFDFDFDFFFCFCFCFFFBFBFBFFFAFAFAFFF8F8F8FFF6F6F6FFF4F4F4FFF2F2F2FFF0F0F0FFF0F0F0FFD0D0D0FF01010010010100108B3406FFC28769FFBA7856FFBC7956FFD8B6A4FFDAB8A6FFC07C58FFC17D59FFC27D59FFC37E5AFFFCFCFCFFFDFDFDFFFEFEFEFFFEFEFEFFFFFFFFFFFFFFFFFFFEFEFEFFFEFEFEFFFDFDFDFFFCFCFCFFFBFBFBFFFAFAFAFFF9F9F9FFF7F7F7FFF6F6F6FFF4F4F4FFF2F2F2FFF0F0F0FFF1F1F1FFD2D2D2FF01010010010100108A2F00FFC58F72FFBD7D5BFFBD7D5BFFC79276FFC99377FFC1805DFFC2805DFFC4815EFFC4815EFFFCFCFCFFFDFDFDFFFDFDFDFFFEFEFEFFFFFFFFFFFFFFFFFFFEFEFEFFFDFDFDFFFDFDFDFFFCFCFCFFFBFBFBFFFAFAFAFFF8F8F8FFF7F7F7FFF5F5F5FFF3F3F3FFF2F2F2FFF1F1F1FFF2F2F2FFD4D4D4FF010100100101000C8B3000FFD6AD98FFD2A58DFFD2A58DFFD2A58DFFD3A68EFFD6AB95FFD9AF9AFFDBB49FFFDBB49FFFFCFCFCFFFDFDFDFFFEFEFEFFFEFEFEFFFFFFFFFFFFFFFFFFFEFEFEFFFEFEFEFFFDFDFDFFFCFCFCFFFCFCFCFFFCFCFCFFFBFBFBFFF9F9F9FFF8F8F8FFF7F7F7FFF6F6F6FFF6F6F6FFF7F7F7FFD6D6D6FF0101000C010100048C3000FF923C0FFF8C3000FF8C3000FF8C3000FF8C3000FF8C3000FF8C3000FF8C3000FF8C3000FFD7D7D7FFD7D7D7FFD7D7D7FFD7D7D7FFD7D7D7FFD7D7D7FFD7D7D7FFD7D7D7FFD7D7D7FFD7D7D7FFD7D7D7FFD7D7D7FFD7D7D7FFD7D7D7FFD7D7D7FFD7D7D7FFD7D7D7FFD7D7D7FFD9D9D9FFD7D7D7FF01010004000000000000000000000000000000000000000000000000000000000000000000000000000000000000000000000000000000000000000000000000000000000000000000000000000000000000000000000000000000000000000000000000000000000000000000000000000000000000000000000000000000000000000000000000000000000000000000000000000000000000000000000000000000000000000000000000000000000000000000000000000000000000000000000000000000000000000000000000000000000000000000000000000000000000000000000000000000000000000000000000000000000000000000000000000000000000000000000000000000000000000000000000000000000000000000000000000000000000000000000000000000000000000000000000000000000000000000000000000000000000000000000000000000000000000000000000000000000000000000000000000000000000000000000000000000000000000000000000000000000000000000000000000000000000000000000000000000000000000000000000000000000000000000000000000000000000000000000000000000000000000000000000000000000000000000000000000000000000000000000000000000000000000000000000000000000000000000000000000000000000000000000000000000000000000000000000000000000000000000000000000000000000000000000000000000000000000000000000000000000000000000000000000000000000000000000000000000000000000000000000000000000000000000000000000000000000000000000000000000000000000000000000000000000000000000000000000000000000000000000000000000000000000000000000000000000000000000000000000000000000000000000000000000000000000000000000000000000000000000000000000000000000000000000000000000000000000000000000000000000000000000000000000000000000000000000000FFFFFFFFFFFFFFFFFFFFFFFFFFFFFFFF00000000000000000000000000000000000000000000000000000000000000000000000000000000000000000000000000000000000000000000000000000000000000000000000000000000000000000000000000000000FFFFFFFFFFFFFFFFFFFFFFFFFFFFFFFFFFFFFFFFFFFFFFFF280000003000000060000000010020000000000000240000120B0000120B00000000000000000000000000000000000000000000000000000000000000000000000000000000000000000000000000000000000000000000000000000000000000000000000000000000000000000000000000000000000000000000000000000000000000000000000000000000000000000000000000000000000000000000000000000000000000000000000000000000000000000000000000000000000000000000000000000000000000000000000000000000000000000000000000000000000000000000000000000000000000000000000000000000000000000000000000000000000000000000000000000000000000000000000000000000000000000000000000000000000000000000000000000000000000000000000000000000000000000000000000000000000000000000000000000000000000000000000000000000000000000000000000000000000000000000000000000000000000000000000000000000000000000000000000000000000000000000000000000000000000000000000000000000000000000000000000000000000000000000000000000000000000000000000000000000000000000000000000000000000000000000000000000000000000000000000000000000000000000000000000000000000000000000000000000000000000000000000000000000000000000000000000000000000000000000000000000000000000000000000000000000000000000000000000000000000000000000000000000000000000000000000000000000000000000000000000000000000000000000000000000000000000000000000000000000000000000000000000000000000000000000000000000000000000000000000000000000000000000000000000000000000000000000000000000000000000000000000000000000000000000000000000000000000000000000000000000000000000000000000000000000000000000000000000000000000000000000000000000000000000000000000000000000000000000000000000000000000000000000000000000000000000000000000000000000000000000000000000000000000000000000000000000000000000000000000000000000000000000000000000000000000000000000000000000000000000000000000000000000000000000000000000000000000000000000000000000000000000000000000000000000000000000000000000000000000000000000000000000000000000000000000000000000000000000000000000000000000000000000000000000000000000000000000000000000000000000000000000000000000000000000000000000000000000000000000000000000000000000000000000000000000000000000000000000000000000000000000000000000000000000000000000000000000000000000000000000000000000000000000000000000000000000000000000000000000000000000000000000000000000000000000000000000000000000000000000000000000000000000000000000000000000000000000000000000000000000000010100040101000C01010010010100100101001001010010010100100101001001010010010100100101001001010010010100100101001001010010010100100101001001010010010100100101001001010010010100100101001001010010010100100101001001010010010100100101001001010010010100100101001001010010010100100101001001010010010100100101001001010010010100100101001001010010010100100101001001010010010100100101000C010100040101000C010100240101003001010030010100300101003001010030010100300101003001010030010100300101003001010030010100300101003001010030010100300101003001010030010100300101003001010030010100300101003001010030010100300101003001010030010100300101003001010030010100300101003001010030010100300101003001010030010100300101003001010030010100300101003001010030010100300101003001010030010100240101000C0101001010166EFF0F166DFF0F166BFF0F166BFF0F166CFF0F166CFF0F166DFF0F166DFF0F166DFF10166EFF10166FFF101770FF101772FF101772FF101773FF101774FF101875FF111876FF111876FF111877FF111877FF111877FF111877FF111877FF111877FF111877FF111877FF111877FF111877FF111876FF111876FF101875FF101774FF101774FF101772FF101772FF101771FF101770FF10166FFF10166EFF0F166DFF0F166DFF0F166DFF0F166DFF0F166DFF10166FFF0101001001010010101772FF3C44B4FF3941B4FF3A43B6FF3F48B9FF414ABBFF454DBEFF4851C1FF4A52C3FF4D56C6FF4F58C8FF525ACBFF535BCDFF535CCFFF5760D1FF5861D3FF5961D4FF5962D6FF5962D6FF5B64D7FF5D66D8FF5D66D8FF5D66D8FF5D66D8FF5D66D8FF5D66D8FF5C65D8FF5A63D7FF5A63D7FF5A63D7FF5962D6FF5A62D5FF565ED3FF555ED2FF545DD1FF515ACEFF5059CCFF4C55C9FF4A53C6FF464FC3FF434CBFFF4049BCFF3C44B8FF3942B6FF3C44B5FF101772FF0101001001010010101875FF343DB5FF303AB7FF323CBAFF363FBDFF3A43C0FF3C46C3FF3943C4FF3640C5FF353FC7FF343FCAFF333ECBFF303BCCFF2E39CDFF2E39CFFF2D39CFFF2C38D1FF2C38D1FF2C38D2FF2D38D3FF2935D3FF2935D3FF2A36D4FF2A36D4FF2A36D4FF2D38D3FF2D38D3FF2D38D3FF2D38D3FF2E3AD3FF2F3BD3FF303BD2FF323DD2FF3440D1FF3641D0FF3842CFFF3842CDFF3C46CBFF3F49CAFF3F49C8FF3B45C4FF3741C0FF333DBDFF313BB8FF353EB6FF111876FF0101001001010010111877FF313AB5FF2630B7FF202BB9FF212CBCFF212CBEFF212DC0FF222DC2FF222EC5FF222EC7FF232FCAFF242FCBFF2430CDFF2430CFFF2430D0FF2431D1FF2531D3FF2531D4FF2531D4FF2531D5FF2531D5FF2531D5FF2531D5FF2531D5FF2531D5FF2531D5FF2531D5FF2531D5FF2531D5FF2531D5FF2531D4FF2531D4FF2531D3FF2431D2FF2430D0FF2430CFFF2430CDFF242FCBFF232EC8FF222EC6FF222DC3FF212CC0FF212CBCFF2631B9FF313AB7FF111877FF0101001001010010111878FF333CB6FF2832B9FF232DBAFF232EBDFF242FBFFF242FC1FF2430C4FF2530C7FF2531C9FF2531CBFF2531CDFF2632CEFF2733D0FF2733D2FF2733D3FF2733D3FF2734D4FF2734D5FF2734D5FF2734D5FF2834D6FF2834D6FF2834D6FF2834D6FF2834D6FF2834D6FF2834D6FF2734D5FF2734D5FF2734D4FF2734D4FF2733D3FF2733D3FF2733D2FF2733D1FF2733CFFF2631CDFF2531CAFF2531C7FF2430C4FF242FC1FF232EBDFF2832BAFF333DB7FF111878FF0101001001010010111879FF353EB6FF2A34B8FF2630BCFF2631BFFF2631C1FF2631C3FF2732C6FF2732C8FF2834CAFF2834CCFF2934CEFF2934CFFF2A36D1FF2A36D3FF2A36D3FF2A36D4FF2A36D4FF2A36D5FF2A36D5FF2A36D5FF2A37D6FF2A37D6FF2A37D6FF2A37D6FF2A37D6FF2A37D6FF2A37D6FF2A37D6FF2A37D6FF2A36D5FF2A36D4FF2A36D4FF2A36D3FF2A36D3FF2A36D1FF2A35D0FF2833CDFF2733CCFF2733C9FF2732C6FF2732C3FF2631BFFF2A35BBFF363FB8FF11197BFF010100100101001011197BFF3740B7FF2D37B9FF2732BCFF2934BFFF2934C2FF2A35C5FF2B36C7FF2B36C9FF2B37CCFF2C37CEFF2C37CFFF2D38D1FF2D39D2FF2D39D4FF2D39D4FF2D39D4FF2D39D5FF2D39D5FF2D39D5FF2D39D6FF2D39D6FF2D39D6FF2D39D6FF2D39D6FF2D39D6FF2D39D6FF2D39D6FF2D39D6FF2D39D6FF2D39D5FF2D39D5FF2D39D4FF2D39D4FF2D39D4FF2D39D2FF2D38D1FF2C37CFFF2B37CDFF2B36CAFF2B36C7FF2A35C4FF2833C0FF2E38BCFF3841B9FF12197CFF010100100101001012197DFF3A43B8FF2F39BAFF2A34BEFF2B36C1FF2C37C3FF2D38C6FF2E39C9FF2E39CAFF2E39CDFF2E3ACEFF2F3AD0FF303BD2FF303BD3FF303CD4FF303CD4FF303CD5FF303CD5FF303CD6FF303CD6FF303CD6FF303CD6FF303CD6FF303CD6FF303CD6FF303CD6FF303CD6FF303CD6FF303CD6FF303CD6FF303CD5FF303CD5FF303CD5FF303CD4FF303CD4FF303BD3FF303BD2FF2F3ACFFF2E3ACEFF2E39CBFF2E39C8FF2C37C6FF2B36C2FF303ABEFF3B44BAFF12197DFF0101001001010010121A7FFF3B44B8FF323CBCFF2C37BEFF2F39C2FF2F39C5FF2F3AC7FF303BCAFF303BCBFF313CCEFF313CD0FF313DD1FF323ED3FF323ED4FF333ED5FF333ED6FF333ED6FF333ED6FF333ED6FF333ED6FF333ED6FF333ED6FF333ED6FF333ED6FF333ED6FF333ED6FF333ED6FF333ED6FF333ED6FF333ED6FF333ED6FF333ED6FF333ED6FF333ED6FF333ED5FF323ED4FF323DD2FF313CD1FF303CCFFF303BCCFF303BC9FF2F3AC7FF2E38C2FF333DBEFF3C45BAFF121A80FF0101001001010010121A81FF3F47B9FF353FBDFF313BC0FF323DC5FF323DC8FF333DCAFF333ECCFF343FCDFF343FD0FF343FD1FF3540D2FF3541D3FF3541D4FF3641D5FF3641D6FF3641D6FF3641D6FF3641D7FF3641D7FF3641D7FF3641D7FF3641D7FF3641D7FF3641D7FF3641D7FF3641D7FF3641D7FF3641D7FF3641D7FF3641D7FF3641D6FF3641D6FF3641D6FF3641D5FF3541D4FF3541D3FF343FD1FF343FD0FF343FCEFF333ECBFF333DC8FF313BC3FF353FBFFF3F48BBFF121A81FF0101001001010010121A83FF414ABBFF3942BFFF343EC2FF343FC6FF3641C9FF3741CCFF3842CEFF3843CFFF3843D1FF3843D2FF3843D3FF3944D4FF3944D5FF3945D6FF3945D6FF3945D6FF3A45D7FF3A45D7FF3A45D7FF3A45D7FF3A45D7FF3A45D7FF3A45D7FF3A45D7FF3A45D7FF3A45D7FF3A45D7FF3A45D7FF3A45D7FF3A45D7FF3A45D7FF3945D6FF3945D6FF3944D5FF3944D5FF3843D3FF3843D2FF3843D1FF3843CFFF3741CCFF353FC9FF343FC5FF3943C1FF424ABCFF121A83FF0101001001010010131B86FF444DBDFF3B44C0FF3741C4FF3742C8FF3943CBFF3943CDFF3A44CEFF3A45D0FF3A45D2FF3A45D4FF3B46D5FF3B46D5FF3B46D6FF3B46D6FF3B46D6FF3B46D6FF3B46D7FF3B46D7FF3B46D7FF3B46D7FF3B46D7FF3B46D7FF3B46D7FF3B46D7FF3B46D7FF3B46D7FF3B46D7FF3B46D7FF3B46D7FF3B46D7FF3B46D7FF3B46D7FF3B46D6FF3B46D6FF3B46D5FF3B46D5FF3A45D2FF3A45D1FF3A45D0FF3A44CEFF3742C9FF3741C5FF3B44C1FF444DBDFF131B86FF0101001001010010131C8AFF4851BFFF3E47C3FF3A43C5FF3B45CAFF3C47CDFF3D47CFFF3E48D1FF3E48D2FF3E48D3FF3E49D5FF3F4AD6FF3F4AD6FF3F4AD7FF3F4AD7FF3F4AD7FF3F4AD7FF3F4AD7FF3F4AD7FF3F4AD7FF3F4AD7FF3F4AD7FF3F4AD7FF3F4AD7FF3F4AD7FF3F4AD7FF3F4AD7FF3F4AD7FF3F4AD7FF3F4AD7FF3F4AD7FF3F4AD7FF3F4AD7FF3F4AD7FF3F4AD7FF3F4AD6FF3F4AD6FF3E48D3FF3E48D2FF3E48D1FF3D47CEFF3B46CBFF3A44C6FF3E47C3FF4851BFFF131C89FF0101001001010010141C8CFF4B54C1FF424BC5FF3E48C8FF3E48CCFF404ACFFF414BD1FF414CD2FF414CD3FF424CD5FF424CD5FF434DD6FF434DD7FF434DD7FF434DD7FF434DD7FF434DD7FF434DD7FF434DD7FF434DD7FF434DD7FF434DD7FF434DD7FF434DD7FF434DD7FF434DD7FF434DD7FF434DD7FF434DD7FF434DD7FF434DD7FF434DD7FF434DD7FF434DD7FF434DD7FF434DD7FF434DD6FF424CD4FF414CD3FF414CD2FF414BD0FF3E49CDFF3E48C9FF414AC4FF4A53BFFF141C8BFF0101001001010010141D91FF4F57C4FF454FC7FF424CCBFF434CCEFF444ED0FF444ED3FF444ED4FF454FD5FF444FD5FF4550D6FF4650D7FF4650D7FF4650D7FF4650D8FF4650D8FF4650D8FF4650D8FF4650D8FF4650D8FF4650D8FF4650D8FF4650D8FF4650D8FF4650D8FF4650D8FF4650D8FF4650D8FF4650D8FF4650D8FF4650D8FF4650D8FF4650D8FF4650D8FF4650D7FF4650D7FF4550D6FF4550D6FF454FD5FF444ED3FF444ED1FF434CCEFF424CCAFF454EC6FF4E56C2FF141D8EFF0101001001010010151E93FF525AC4FF4851C8FF454ECBFF464FCFFF4851D1FF4852D3FF4852D4FF4852D4FF4953D5FF4953D6FF4953D6FF4953D6FF4953D6FF4953D7FF4953D7FF4953D7FF4953D7FF4953D7FF4953D7FF4953D7FF4953D7FF4953D7FF4953D7FF4953D7FF4953D7FF4953D7FF4953D7FF4953D7FF4953D7FF4953D7FF4953D7FF4953D7FF4953D7FF4953D6FF4953D6FF4953D6FF4953D5FF4852D4FF4852D3FF4851D1FF454ECEFF454EC9FF4851C6FF5159C2FF141D91FF0101001001010010752800FFA96642FFA85E37FFA85A31FFAB5C33FFAD5E34FFAE5D33FFAE5D33FFAF5E33FFB15F34FFB15F34FFB15F34FFB15F34FFB15F34FFB15F34FFB15F34FFF4F4F4FFF4F4F4FFF4F4F4FFF4F4F4FFF4F4F4FFF4F4F4FFF4F4F4FFF4F4F4FFF4F4F4FFF4F4F4FFF4F4F4FFF4F4F4FFF4F4F4FFF4F4F4FFF4F4F4FFF4F4F4FFF4F4F4FFF4F4F4FFF4F4F4FFF3F3F3FFF3F3F3FFF1F1F1FFF0F0F0FFF0F0F0FFEFEFEFFFEBEBEBFFE6E6E6FFE2E2E2FFDCDCDCFFB1B1B1FF0101001001010010782900FFB36E4AFFB26740FFB36339FFB6663BFFB8663CFFB9683DFFB9683DFFBA683DFFBB683DFFBB683DFFBB683DFFBB683DFFBB683DFFBB683DFFBB683DFFFFFFFFFFFFFFFFFFFFFFFFFFFFFFFFFFFFFFFFFFFFFFFFFFFFFFFFFFFFFFFFFFFFFFFFFFFFFFFFFFFFFFFFFFFFFFFFFFFFFFFFFFFFFFFFFFFFFFFFFFFFFFFFFFFFFFFFFFFFFFFFFFFFFFFFFFFEFEFEFFFEFEFEFFFDFDFDFFFCFCFCFFFBFBFBFFF9F9F9FFF6F6F6FFF2F2F2FFEDEDEDFFE7E7E7FFB5B5B5FF0101001001010010792A00FFB4704CFFB36841FFB5653CFFB7673DFFB9683EFFBA683EFFBB693FFFBB693FFFBB6A3FFFBC6A3FFFBC6A3FFFBC6A3FFFBC6A3FFFBC6A3FFFBC6A3FFFFFFFFFFFFFFFFFFFFFFFFFFFFFFFFFFFFFFFFFFFFFFFFFFFFFFFFFFFFFFFFFFFFFFFFFFFFFFFFFFFFFFFFFFFFFFFFFFFFFFFFFFFFFFFFFFFFFFFFFFFFFFFFFFFFFFFFFFFFFFFFFFFFFFFFFFFFEFEFEFFFEFEFEFFFDFDFDFFFCFCFCFFFCFCFCFFFAFAFAFFF7F7F7FFF3F3F3FFEEEEEEFFE8E8E8FFB7B7B7FF01010010010100107C2A00FFB67350FFB66C46FFB76940FFB96A41FFBB6B42FFBC6C43FFBC6C43FFBC6C43FFBD6D43FFBD6D43FFBD6D43FFBD6D43FFBD6D43FFBD6D43FFBD6D43FFFFFFFFFFFFFFFFFFFFFFFFFFFFFFFFFFFFFFFFFFFFFFFFFFFFFFFFFFFFFFFFFFFFFFFFFFFFFFFFFFFFFFFFFFFFFFFFFFFFFFFFFFFFFFFFFFFFFFFFFFFFFFFFFFFFFFFFFFFFFFFFFFFFFFFFFFFFFFFFFFFEFEFEFFFDFDFDFFFDFDFDFFFCFCFCFFFBFBFBFFF8F8F8FFF4F4F4FFF0F0F0FFE9E9E9FFBBBBBBFF01010010010100107E2B00FFB77552FFB76E48FFB86C44FFBB6E45FFBE734BFFBD6F46FFBE6F46FFBE6F46FFBE6F46FFC1744DFFBE6F46FFBE6F46FFBE6F46FFBE6F46FFBE6F46FFFFFFFFFFFFFFFFFFFFFFFFFFFFFFFFFFFFFFFFFFFFFFFFFFFFFFFFFFFFFFFFFFFFFFFFFFFFFFFFFFFFFFFFFFFFFFFFFFFFFFFFFFFFFFFFFFFFFFFFFFFFFFFFFFFFFFFFFFFFFFFFFFFFFFFFFFFFFFFFFFFEFEFEFFFDFDFDFFFDFDFDFFFDFDFDFFFBFBFBFFF9F9F9FFF5F5F5FFF0F0F0FFEAEAEAFFBEBEBEFF01010010010100107F2C00FFB97856FFB9724CFFBA6F48FFBC7149FFC5815EFFE9CEC1FFC27953FFC27953FFEACFC1FFC7835FFFC0724AFFC0724AFFC0724AFFC0724AFFC0724AFFFFFFFFFFFFFFFFFFFFFFFFFFFFFFFFFFFFFFFFFFFFFFFFFFFFFFFFFFFFFFFFFFFFFFFFFFFFFFFFFFFFFFFFFFFFFFFFFFFFFFFFFFFFFFFFFFFFFFFFFFFFFFFFFFFFFFFFFFFFFFFFFFFFFFFFFFFFFFFFFFFFFFFFFFFDFDFDFFFDFDFDFFFDFDFDFFFCFCFCFFF9F9F9FFF6F6F6FFF1F1F1FFEBEBEBFFC2C2C2FF0101001001010010812C00FFBB7B5AFFBA7550FFBB724CFFBE744DFFBF744DFFF1E1D9FFF6ECE7FFF6ECE7FFF2E2DAFFC1764EFFC1764EFFC1764EFFC1764EFFC1764EFFC1764EFFFFFFFFFFFFFFFFFFFFFFFFFFFFFFFFFFFFFFFFFFFFFFFFFFFFFFFFFFFFFFFFFFFFFFFFFFFFFFFFFFFFFFFFFFFFFFFFFFFFFFFFFFFFFFFFFFFFFFFFFFFFFFFFFFFFFFFFFFFFFFFFFFFFFFFFFFFFFFFFFFFFFFFFFFFEFEFEFFFDFDFDFFFDFDFDFFFCFCFCFFFAFAFAFFF6F6F6FFF2F2F2FFECECECFFC5C5C5FF0101001001010010822D00FFBC7D5DFFBC7753FFBD754FFFBF7650FFC17750FFE9CFC2FFFEFEFEFFFEFEFEFFEBD1C4FFC27851FFC27851FFC27851FFC27851FFC27851FFC27851FFFFFFFFFFFFFFFFFFFFFFFFFFFFFFFFFFFFFFFFFFFFFFFFFFFFFFFFFFFFFFFFFFFFFFFFFFFFFFFFFFFFFFFFFFFFFFFFFFFFFFFFFFFFFFFFFFFFFFFFFFFFFFFFFFFFFFFFFFFFFFFFFFFFFFFFFFFFFFFFFFFFFFFFFFFEFEFEFFFEFEFEFFFDFDFDFFFCFCFCFFFAFAFAFFF7F7F7FFF3F3F3FFEEEEEEFFC7C7C7FF0101001001010010842D00FFBD805FFFBC7956FFBE7752FFC58361FFEBD7CCFFFDFDFDFFFEFEFEFFFEFEFEFFFFFFFFFFEED9CFFFC88562FFC37A54FFC37A54FFC37A54FFC37A54FFFFFFFFFFFFFFFFFFFFFFFFFFFFFFFFFFFFFFFFFFFFFFFFFFFFFFFFFFFFFFFFFFFFFFFFFFFFFFFFFFFFFFFFFFFFFFFFFFFFFFFFFFFFFFFFFFFFFFFFFFFFFFFFFFFFFFFFFFFFFFFFFFFFFFFFFFFFFFFFFFFFFFFFFFFEFEFEFFFEFEFEFFFDFDFDFFFBFBFBFFFAFAFAFFF7F7F7FFF2F2F2FFEEEEEEFFC9C9C9FF0101001001010010852E00FFBE8262FFBE7C5AFFBE7955FFC78969FFCE9678FFCF9678FFF4E8E3FFF4E8E3FFD19879FFD19879FFCB8C6CFFC57D58FFC57D58FFC57D58FFC57D58FFFFFFFFFFFFFFFFFFFFFFFFFFFFFFFFFFFFFFFFFFFFFFFFFFFFFFFFFFFFFFFFFFFFFFFFFFFFFFFFFFFFFFFFFFFFFFFFFFFFFFFFFFFFFFFFFFFFFFFFFFFFFFFFFFFFFFFFFFFFFFFFFFFFFFFFFFFFFFFFFFFFFFFFFFFEFEFEFFFEFEFEFFFDFDFDFFFCFCFCFFFAFAFAFFF6F6F6FFF2F2F2FFEEEEEEFFCCCCCCFF0101001001010010872E00FFBE8364FFBE7E5CFFC07C58FFC27D59FFC47E5AFFC47E5AFFE1BDAAFFE1BDAAFFC6805BFFC6805BFFC6805BFFC6805BFFC6805BFFC6805BFFC6805BFFFFFFFFFFFFFFFFFFFFFFFFFFFFFFFFFFFFFFFFFFFFFFFFFFFFFFFFFFFFFFFFFFFFFFFFFFFFFFFFFFFFFFFFFFFFFFFFFFFFFFFFFFFFFFFFFFFFFFFFFFFFFFFFFFFFFFFFFFFFFFFFFFFFFFFFFFFFFFFFFFFFFFFFFFFEFEFEFFFEFEFEFFFDFDFDFFFCFCFCFFFAFAFAFFF7F7F7FFF2F2F2FFEDEDEDFFCECECEFF0101001001010010872E00FFBF8668FFBE7F5EFFC07E5BFFC27F5CFFC4805DFFC4815DFFCF9677FFD0987AFFC7825EFFC7825EFFC7825EFFC7825EFFC7825EFFC7825EFFC7825EFFFFFFFFFFFFFFFFFFFFFFFFFFFFFFFFFFFFFFFFFFFFFFFFFFFFFFFFFFFFFFFFFFFFFFFFFFFFFFFFFFFFFFFFFFFFFFFFFFFFFFFFFFFFFFFFFFFFFFFFFFFFFFFFFFFFFFFFFFFFFFFFFFFFFFFFFFFFFFFFFFFFFFFFFFFEFEFEFFFDFDFDFFFCFCFCFFFBFBFBFFF9F9F9FFF6F6F6FFF2F2F2FFEFEFEFFFCFCFCFFF0101001001010010892F00FFC38C70FFC28768FFC38565FFC58665FFC78766FFC88867FFC98967FFC98968FFC98968FFCA8A68FFCA8A68FFCA8A68FFCA8A68FFCA8A68FFCA8A68FFFFFFFFFFFFFFFFFFFFFFFFFFFFFFFFFFFFFFFFFFFFFFFFFFFFFFFFFFFFFFFFFFFFFFFFFFFFFFFFFFFFFFFFFFFFFFFFFFFFFFFFFFFFFFFFFFFFFFFFFFFFFFFFFFFFFFFFFFFFFFFFFFFFFFFFFFFFFFFFFFFEFEFEFFFEFEFEFFFDFDFDFFFCFCFCFFFAFAFAFFF8F8F8FFF6F6F6FFF2F2F2FFEFEFEFFFD2D2D2FF01010010010100108B3000FFCC9C84FFCA987DFFCB967BFFCD977BFFCE987CFFCF997CFFD09A7DFFD09A7DFFD19B7EFFD29B7EFFD29B7EFFD29B7EFFD29B7EFFD29B7EFFD29B7EFFFFFFFFFFFFFFFFFFFFFFFFFFFFFFFFFFFFFFFFFFFFFFFFFFFFFFFFFFFFFFFFFFFFFFFFFFFFFFFFFFFFFFFFFFFFFFFFFFFFFFFFFFFFFFFFFFFFFFFFFFFFFFFFFFFFFFFFFFFFFFFFFFFFFFFFFFFFFFFFFFFEFEFEFFFDFDFDFFFDFDFDFFFCFCFCFFFAFAFAFFF8F8F8FFF6F6F6FFF3F3F3FFF3F3F3FFD5D5D5FF010100100101000C8C3000FFD3AA94FFD1A58EFFD1A38BFFD2A38BFFD3A48CFFD6A891FFDAAE97FFDAAF98FFDCB29CFFDDB49EFFDDB49FFFDEB5A0FFDFB7A2FFDFB7A2FFDFB7A2FFFFFFFFFFFFFFFFFFFFFFFFFFFFFFFFFFFFFFFFFFFFFFFFFFFFFFFFFFFFFFFFFFFFFFFFFFFFFFFFFFFFFFFFFFFFFFFFFFFFFFFFFFFFFFFFFFFFFFFFFFFFFFFFFFFFFFFFFFFFFFFFFFFFFFFFFFFEFEFEFFFEFEFEFFFDFDFDFFFDFDFDFFFCFCFCFFFAFAFAFFF8F8F8FFF6F6F6FFF5F5F5FFF5F5F5FFD7D7D7FF0101000C010100048D3000FF8D3000FF8D3000FF8D3000FF8D3000FF8D3000FF8D3000FF8D3000FF8D3000FF8D3000FF8D3000FF8D3000FF8D3000FF8D3000FF8D3000FF8D3000FFD8D8D8FFD8D8D8FFD8D8D8FFD8D8D8FFD8D8D8FFD8D8D8FFD8D8D8FFD8D8D8FFD8D8D8FFD8D8D8FFD8D8D8FFD8D8D8FFD8D8D8FFD8D8D8FFD8D8D8FFD8D8D8FFD8D8D8FFD8D8D8FFD8D8D8FFD8D8D8FFD8D8D8FFD8D8D8FFD8D8D8FFD8D8D8FFD8D8D8FFD8D8D8FFD8D8D8FFD8D8D8FFD8D8D8FFD8D8D8FF01010004000000000000000000000000000000000000000000000000000000000000000000000000000000000000000000000000000000000000000000000000000000000000000000000000000000000000000000000000000000000000000000000000000000000000000000000000000000000000000000000000000000000000000000000000000000000000000000000000000000000000000000000000000000000000000000000000000000000000000000000000000000000000000000000000000000000000000000000000000000000000000000000000000000000000000000000000000000000000000000000000000000000000000000000000000000000000000000000000000000000000000000000000000000000000000000000000000000000000000000000000000000000000000000000000000000000000000000000000000000000000000000000000000000000000000000000000000000000000000000000000000000000000000000000000000000000000000000000000000000000000000000000000000000000000000000000000000000000000000000000000000000000000000000000000000000000000000000000000000000000000000000000000000000000000000000000000000000000000000000000000000000000000000000000000000000000000000000000000000000000000000000000000000000000000000000000000000000000000000000000000000000000000000000000000000000000000000000000000000000000000000000000000000000000000000000000000000000000000000000000000000000000000000000000000000000000000000000000000000000000000000000000000000000000000000000000000000000000000000000000000000000000000000000000000000000000000000000000000000000000000000000000000000000000000000000000000000000000000000000000000000000000000000000000000000000000000000000000000000000000000000000000000000000000000000000000000000000000000000000000000000000000000000000000000000000000000000000000000000000000000000000000000000000000000000000000000000000000000000000000000000000000000000000000000000000000000000000000000000000000000000000000000000000000000000000000000000000000000000000000000000000000000000000000000000000000000000000000000000000000000000000000000000000000000000000000000000000000000000000000000000000000000000000000000000000000000000000000000000000000000000000000000000000000000000000000000000000000000000000000000000000000000000000000000000000000000000000000000000000000000000000000000000000000000000000000000000000000000000000000000000000000000000000000000000000000000000000000000000000000000000000000000000000000000000000000000000000000000000000000000000000000000000000000000000000000000000000000000000000000000000000000000000000000000000000000000000000000000000000000000000000000000000000000000000000000000000000000000000000000000000000000000000000000000000000000000000000000000000000000000000000000000000000000000000000000000000000000000000000000000000000000000000000000000000000000000000000000000000000000000000000000000000000000000000000000000000000000000000000000000000000000000000000000000000000000000000000000000000000000000000000000000000000000000000000000000000000000000000000000000000000000000000000000000000000000000000000000000000000000000000000000000000000000000000000000000000000000000000000000000000000000000000000000000000000000000000000000000000000000000000000000000000000000000000000000000000000000000000000000000000000000000FFFFFFFFFFFF0000FFFFFFFFFFFF0000FFFFFFFFFFFF0000FFFFFFFFFFFF0000FFFFFFFFFFFF0000FFFFFFFFFFFF00000000000000000000000000000000000000000000000000000000000000000000000000000000000000000000000000000000000000000000000000000000000000000000000000000000000000000000000000000000000000000000000000000000000000000000000000000000000000000000000000000000000000000000000000000000000000000000000000000000000000000000000000000000000000000000000000000000000000000000000000000000000000000000000000000000000000000000000000000000000000000000000000000000000000000000000000000000000000000000000000000000000000000000000000000000000000000000000000000000000000000000FFFFFFFFFFFF0000FFFFFFFFFFFF0000FFFFFFFFFFFF0000FFFFFFFFFFFF0000FFFFFFFFFFFF0000FFFFFFFFFFFF0000FFFFFFFFFFFF0000FFFFFFFFFFFF0000280000004000000080000000010020000000000000400000120B0000120B00000000000000000000FFFFFF00FFFFFF00FFFFFF00FFFFFF00FFFFFF00FFFFFF00FFFFFF00FFFFFF00FFFFFF00FFFFFF00FFFFFF00FFFFFF00FFFFFF00FFFFFF00FFFFFF00FFFFFF00FFFFFF00FFFFFF00FFFFFF00FFFFFF00FFFFFF00FFFFFF00FFFFFF00FFFFFF00FFFFFF00FFFFFF00FFFFFF00FFFFFF00FFFFFF00FFFFFF00FFFFFF00FFFFFF00FFFFFF00FFFFFF00FFFFFF00FFFFFF00FFFFFF00FFFFFF00FFFFFF00FFFFFF00FFFFFF00FFFFFF00FFFFFF00FFFFFF00FFFFFF00FFFFFF00FFFFFF00FFFFFF00FFFFFF00FFFFFF00FFFFFF00FFFFFF00FFFFFF00FFFFFF00FFFFFF00FFFFFF00FFFFFF00FFFFFF00FFFFFF00FFFFFF00FFFFFF00FFFFFF00FFFFFF00FFFFFF00FFFFFF00FFFFFF00FFFFFF00FFFFFF00FFFFFF00FFFFFF00FFFFFF00FFFFFF00FFFFFF00FFFFFF00FFFFFF00FFFFFF00FFFFFF00FFFFFF00FFFFFF00FFFFFF00FFFFFF00FFFFFF00FFFFFF00FFFFFF00FFFFFF00FFFFFF00FFFFFF00FFFFFF00FFFFFF00FFFFFF00FFFFFF00FFFFFF00FFFFFF00FFFFFF00FFFFFF00FFFFFF00FFFFFF00FFFFFF00FFFFFF00FFFFFF00FFFFFF00FFFFFF00FFFFFF00FFFFFF00FFFFFF00FFFFFF00FFFFFF00FFFFFF00FFFFFF00FFFFFF00FFFFFF00FFFFFF00FFFFFF00FFFFFF00FFFFFF00FFFFFF00FFFFFF00FFFFFF00FFFFFF00FFFFFF00FFFFFF00FFFFFF00FFFFFF00FFFFFF00FFFFFF00FFFFFF00FFFFFF00FFFFFF00FFFFFF00FFFFFF00FFFFFF00FFFFFF00FFFFFF00FFFFFF00FFFFFF00FFFFFF00FFFFFF00FFFFFF00FFFFFF00FFFFFF00FFFFFF00FFFFFF00FFFFFF00FFFFFF00FFFFFF00FFFFFF00FFFFFF00FFFFFF00FFFFFF00FFFFFF00FFFFFF00FFFFFF00FFFFFF00FFFFFF00FFFFFF00FFFFFF00FFFFFF00FFFFFF00FFFFFF00FFFFFF00FFFFFF00FFFFFF00FFFFFF00FFFFFF00FFFFFF00FFFFFF00FFFFFF00FFFFFF00FFFFFF00FFFFFF00FFFFFF00FFFFFF00FFFFFF00FFFFFF00FFFFFF00FFFFFF00FFFFFF00FFFFFF00FFFFFF00FFFFFF00FFFFFF00FFFFFF00FFFFFF00FFFFFF00FFFFFF00FFFFFF00FFFFFF00FFFFFF00FFFFFF00FFFFFF00FFFFFF00FFFFFF00FFFFFF00FFFFFF00FFFFFF00FFFFFF00FFFFFF00FFFFFF00FFFFFF00FFFFFF00FFFFFF00FFFFFF00FFFFFF00FFFFFF00FFFFFF00FFFFFF00FFFFFF00FFFFFF00FFFFFF00FFFFFF00FFFFFF00FFFFFF00FFFFFF00FFFFFF00FFFFFF00FFFFFF00FFFFFF00FFFFFF00FFFFFF00FFFFFF00FFFFFF00FFFFFF00FFFFFF00FFFFFF00FFFFFF00FFFFFF00FFFFFF00FFFFFF00FFFFFF00FFFFFF00FFFFFF00FFFFFF00FFFFFF00FFFFFF00FFFFFF00FFFFFF00FFFFFF00FFFFFF00FFFFFF00FFFFFF00FFFFFF00FFFFFF00FFFFFF00FFFFFF00FFFFFF00FFFFFF00FFFFFF00FFFFFF00FFFFFF00FFFFFF00FFFFFF00FFFFFF00FFFFFF00FFFFFF00FFFFFF00FFFFFF00FFFFFF00FFFFFF00FFFFFF00FFFFFF00FFFFFF00FFFFFF00FFFFFF00FFFFFF00FFFFFF00FFFFFF00FFFFFF00FFFFFF00FFFFFF00FFFFFF00FFFFFF00FFFFFF00FFFFFF00FFFFFF00FFFFFF00FFFFFF00FFFFFF00FFFFFF00FFFFFF00FFFFFF00FFFFFF00FFFFFF00FFFFFF00FFFFFF00FFFFFF00FFFFFF00FFFFFF00FFFFFF00FFFFFF00FFFFFF00FFFFFF00FFFFFF00FFFFFF00FFFFFF00FFFFFF00FFFFFF00FFFFFF00FFFFFF00FFFFFF00FFFFFF00FFFFFF00FFFFFF00FFFFFF00FFFFFF00FFFFFF00FFFFFF00FFFFFF00FFFFFF00FFFFFF00FFFFFF00FFFFFF00FFFFFF00FFFFFF00FFFFFF00FFFFFF00FFFFFF00FFFFFF00FFFFFF00FFFFFF00FFFFFF00000000000000000000000000000000000000000000000000000000000000000000000000000000000000000000000000000000000000000000000000000000000000000000000000000000000000000000000000000000000000000000000000000000000000000000000000000000000000000000000000000000000000000000000000000000000000000000000000000000000000000000000000000000000000000000000000000000000000000000000000000000000000000000000000000000000000000000000000000000000000000000000000000000000000000000000000000000000000000000000000000000000000000000000000000000000000000000000000000000000000000000000000000000000000000000000000000000000000000000000000000000000000000000000000000000000000000000000000000000000000000000000000000000000000000000000000000000000000000000000000000000000000000000000000000000000000000000000000000000000000000000000000000000000000000000000000000000000000000000000000000000000000000000000000000000000000000000000000000000000000000000000000000000000000000000000000000000000000000000000000000000000000000000000000000000000000000000000000000000000000000000000000000000000000000000000000000000000000000000000000000000000000000000000000000000000000000000000000000000000000000000000000000000000000000000000000000000000000000000000000000000000000000000000000000000000000000000000000000000000000000000000000000000000000000000000000000000000000000000000000000000000000000000000000000000000000000000000000000000000000000000000000000000000000000000000000000000000000000000000000000000000000000000000000000000000000000000000000000000000000000000000000000000000000000000000000000000000000000000000000000000000000000000000000000000000000000000000000000000000000000000000000000000000000000000000000000000000000000000000000000000000000000000000000000000000000000000000000000000000000000000000000000000000000000000000000000000000000000000000000000000000000000000000000000000000000000000000000000000000000000000000000000000000000000000000000000000000000000000000000000000000000000000000000000000000000000000000000000000000000000000000000000000000000000000000000000000000000000000000000000000000000000000000000000000000000000000000000000000000000000000000000000000000000000000000000000000000000000000000000000000000000000000000000000000000000000000000000000000000000000000000000000000000000000000000000000000000000000000000000000000000000000000000000000000000000000000000000000000000000000000000000000000000000000000000000000000000000000000000000000000000000000000000000000000000000000000000000000000000000000000000000000000000000000000000000000000000000000000000000000000000000000000000000000000000000000000000000000000040000000C000000100000001000000010000000100000001000000010000000100000001000000010000000100000001000000010000000100000001000000010000000100000001000000010000000100000001000000010000000100000001000000010000000100000001000000010000000100000001000000010000000100000001000000010000000100000001000000010000000100000001000000010000000100000001000000010000000100000001000000010000000100000001000000010000000100000001000000010000000100000001000000010000000100000001000000010000000100000000C0000000400000000000000000000000C0000002400000030000000300000003000000030000000300000003000000030000000300000003000000030000000300000003000000030000000300000003000000030000000300000003000000030000000300000003000000030000000300000003000000030000000300000003000000030000000300000003000000030000000300000003000000030000000300000003000000030000000300000003000000030000000300000003000000030000000300000003000000030000000300000003000000030000000300000003000000030000000300000003000000030000000300000003000000030000000240000000C0000000000000000000000101D236EFF232871FF252A72FF262C74FF272C74FF272D76FF282D77FF282E79FF292F7CFF292F7CFF2A307EFF2A307FFF2A3080FF2A3080FF2A3080FF2A3080FF2A3080FF2A3080FF2A3080FF2A3080FF2A3080FF2A3080FF2A3080FF2A3080FF2A3080FF2A3080FF2A3080FF2A3080FF2A3080FF2A3080FF2A3080FF2A3080FF2A3080FF2A3080FF2A3080FF2A3080FF2A3080FF2A3080FF2A3080FF2A3080FF2A3080FF2A3080FF2A307FFF2A307FFF292F7DFF292F7DFF292F7CFF292E7AFF282E79FF282D78FF282D77FF272D76FF272C75FF272C75FF272C74FF262C74FF262C73FF252A72FF232871FF1D236EFF00000010000000000000000000000010151A5FFF3F46AAFF333CACFF353DAEFF343DB0FF363EB2FF363FB5FF3640B8FF3842BBFF3942BDFF3A43BFFF404AC2FF4952C4FF4E57C5FF545CC6FF575FC7FF5C64C8FF5C64C8FF636AC9FF676ECAFF676ECAFF6C72CBFF6D74CBFF7077CCFF747ACDFF747ACDFF747ACDFF767CCDFF767CCDFF767CCDFF767CCDFF767CCDFF767CCDFF767CCDFF747ACDFF6F76CCFF6F76CCFF6D74CBFF6C72CBFF686FCAFF646BC9FF646BC9FF5E65C7FF575FC6FF545CC4FF4E56C2FF424BBEFF3E47BDFF3A43BAFF3A43B9FF3841B6FF363FB4FF363FB4FF363EB2FF353EB2FF343DB0FF353DAEFF343CADFF4850C1FF181E6CFF0000001000000000000000000000001012175EFF2D35A6FF1F29A8FF202AABFF202AADFF202AAFFF212BB1FF212CB4FF232DB7FF232EB9FF242FBAFF2631BCFF2631BDFF2833BEFF2C36BFFF2C36BFFF303AC0FF303AC0FF353FC1FF3943C1FF3943C1FF3D46C2FF4049C3FF4049C3FF444DC3FF444DC3FF454EC4FF464FC4FF464FC4FF464FC4FF464FC4FF464FC4FF464FC4FF464FC4FF454EC4FF444DC3FF444DC3FF4049C3FF3D46C2FF3D46C2FF3A43C1FF3A43C1FF353FC0FF2F39BEFF303ABDFF2C36BCFF2832BBFF2732BAFF252FB8FF242FB7FF222DB5FF212CB4FF222CB2FF212BB0FF202AAFFF202AADFF202AADFF2029A9FF333DBDFF141A6BFF000000100000000000000000000000100F155DFF2B33A7FF1C26A9FF1C26ABFF1C26ACFF1D28AFFF1E28B2FF1E29B5FF1F2AB7FF202BBAFF212CBBFF222DBCFF222DBDFF2530BEFF2732BFFF2732BFFF2B35BFFF2B35BFFF2F39C0FF323CC1FF323CC1FF353FC1FF3842C2FF3842C2FF3B44C2FF3B44C2FF3C45C3FF3C46C3FF3C46C3FF3D47C3FF3D47C3FF3D47C3FF3C46C3FF3C46C3FF3C45C3FF3B44C2FF3B44C2FF3842C2FF353FC1FF353FC1FF323CC1FF323CC0FF2F3AC0FF2A34BEFF2A34BEFF2631BCFF242EBCFF242EBBFF212CB9FF212CB8FF202BB7FF1F2AB6FF1F29B5FF1E28B2FF1D28B1FF1D28AFFF1C27ADFF1C26AAFF313BBEFF11176AFF0000001000000000000000000000001010155FFF2C35A7FF1D27A9FF1D27ABFF1E28ADFF1E28AFFF1F2AB2FF202AB5FF202BB8FF202BBAFF222CBBFF232DBCFF232EBDFF242FBEFF2631BEFF2631BEFF2933BFFF2933BFFF2B36BFFF2E38C0FF2E38C0FF303AC0FF323CC0FF323CC0FF353FC1FF353FC1FF3640C1FF3741C1FF3741C1FF3841C1FF3841C1FF3841C1FF3741C1FF3741C1FF3640C1FF353FC1FF353FC1FF323CC0FF303AC0FF303AC0FF2E38C0FF2E38C0FF2B36BEFF2933BEFF2933BEFF2631BDFF232EBCFF232EBCFF222CBAFF222DBAFF212CB9FF202BB7FF202AB6FF202AB4FF1F2AB2FF1E28B0FF1E28AEFF1E28ABFF323CBEFF12186BFF00000010000000000000000000000010101660FF2E36A8FF1F29A9FF202AACFF202AADFF202BB0FF212BB3FF222DB6FF222DB9FF222DBBFF232EBCFF242FBEFF242FBEFF242FBEFF2631BFFF2631BFFF2833BFFF2833BFFF2A35BFFF2C36C0FF2C36C0FF2D37C0FF2F39C0FF2F39C0FF303BC1FF303BC1FF303BC1FF313BC1FF313BC1FF313BC1FF313BC1FF313BC1FF313BC1FF313BC1FF303BC1FF303BC1FF303BC1FF2F39C0FF2D37C0FF2D37C0FF2C36C0FF2C36C0FF2A35BFFF2833BFFF2832BEFF2731BEFF242FBEFF242FBDFF252FBCFF252FBCFF242FBBFF232DB9FF222DB8FF222DB7FF212BB5FF212BB2FF202AAFFF202AACFF343DBEFF12186CFF00000010000000000000000000000010101662FF3038A9FF212BABFF222CACFF222CAFFF222CB2FF232DB5FF232DB7FF242FBAFF252FBCFF2530BDFF2630BEFF2530BFFF2530BFFF2731BFFF2731BFFF2833C0FF2833C0FF2833C0FF2934C0FF2934C0FF2C36C0FF2C36C0FF2C36C0FF2C36C0FF2C36C0FF2C37C1FF2C37C1FF2C37C1FF2C37C1FF2C37C1FF2C37C1FF2C37C1FF2C37C1FF2C37C1FF2C36C0FF2C36C0FF2C36C0FF2C36C0FF2C36C0FF2934C0FF2934C0FF2833C0FF2833C0FF2833C0FF2631BFFF2630BEFF2630BEFF2630BEFF2630BEFF2530BDFF252FBCFF242FBBFF242FB9FF232DB7FF232DB4FF222CB0FF222CADFF353FBEFF12186DFF00000010000000000000000000000010101663FF323BAAFF232DABFF232DAEFF242EB0FF242FB3FF252FB5FF2530B8FF2631BBFF2732BDFF2732BEFF2732C0FF2732C0FF2833C0FF2833C0FF2833C0FF2833C0FF2833C0FF2833C0FF2A35C1FF2A35C1FF2B35C1FF2C36C1FF2C36C1FF2C36C1FF2C36C1FF2C36C1FF2C36C1FF2C36C1FF2C37C1FF2C37C1FF2C37C1FF2C36C1FF2C36C1FF2C36C1FF2C36C1FF2C36C1FF2C36C1FF2B35C1FF2B35C1FF2A35C1FF2A35C1FF2833C0FF2833C0FF2833C0FF2833C0FF2833C0FF2732C0FF2732C0FF2732C0FF2731BFFF2732BEFF2732BCFF2631BBFF2530B8FF252FB5FF252FB2FF232DAEFF3841BFFF12196FFF00000010000000000000000000000010101664FF333BA9FF242EABFF252FADFF2630B0FF2630B3FF2731B6FF2732B8FF2832BBFF2933BDFF2933BFFF2933BFFF2933C0FF2933C0FF2933C0FF2933C0FF2A34C0FF2A34C0FF2A34C0FF2A35C0FF2A35C0FF2A35C0FF2A35C0FF2A35C0FF2A35C0FF2A35C0FF2A35C0FF2A35C0FF2A35C0FF2A35C0FF2A35C0FF2A35C0FF2A35C0FF2A35C0FF2A35C0FF2A35C0FF2A35C0FF2A35C0FF2A35C0FF2A35C0FF2A35C0FF2A35C0FF2A34C0FF2A34C0FF2A34C0FF2933C0FF2933C0FF2933C0FF2933C0FF2933BFFF2933BFFF2933BFFF2933BDFF2832BCFF2731B9FF2731B6FF2630B3FF252FAFFF3A43BFFF121970FF00000010000000000000000000000010111766FF343DAAFF2730ACFF2731AFFF2731B1FF2933B4FF2933B7FF2934BAFF2B35BDFF2B35BEFF2B36C0FF2C36C0FF2C36C1FF2C36C1FF2C36C1FF2C36C1FF2C36C1FF2C36C1FF2C36C1FF2D37C1FF2D37C1FF2D37C1FF2D37C1FF2D37C1FF2D37C1FF2D37C1FF2D37C1FF2D37C1FF2D37C1FF2D37C1FF2D37C1FF2D37C1FF2D37C1FF2D37C1FF2D37C1FF2D37C1FF2D37C1FF2D37C1FF2D37C1FF2D37C1FF2D37C1FF2D37C1FF2C36C1FF2C36C1FF2C36C1FF2C36C1FF2C36C1FF2C36C1FF2C36C1FF2C36C1FF2C36C0FF2B36C0FF2A35BFFF2B35BDFF2934BBFF2A34B8FF2933B4FF2832B0FF3B45C0FF131972FF00000010000000000000000000000010101767FF363EACFF2932ADFF2A33B0FF2A34B3FF2A34B6FF2C36B8FF2C36BBFF2C37BDFF2D38C0FF2D38C1FF2D38C1FF2D38C2FF2D38C2FF2D38C2FF2D38C2FF2D38C2FF2D38C2FF2D38C2FF2D38C2FF2D38C2FF2D38C2FF2D38C2FF2D38C2FF2D38C2FF2D38C2FF2D38C2FF2D38C2FF2D38C2FF2D38C2FF2D38C2FF2D38C2FF2D38C2FF2D38C2FF2D38C2FF2D38C2FF2D38C2FF2D38C2FF2D38C2FF2D38C2FF2D38C2FF2D38C2FF2D38C2FF2D38C2FF2D38C2FF2D38C2FF2D38C2FF2D38C2FF2D38C2FF2D38C2FF2D38C1FF2D38C1FF2D38C0FF2D38BEFF2C37BCFF2C36B9FF2B35B6FF2A34B2FF3C46C0FF131A74FF0000001000000000000000000000001011176AFF3840ACFF2B34AFFF2C35B2FF2C35B4FF2C36B7FF2D37BAFF2E38BDFF2E38BFFF2F39C1FF2F39C1FF303AC2FF2F3AC3FF2F3AC3FF2F3AC3FF2F3AC3FF2F3AC3FF2F3AC3FF2F3AC3FF2F3AC3FF2F3AC3FF2F3AC3FF2F3AC3FF2F3AC3FF2F3AC3FF2F3AC3FF2F3AC3FF2F3AC3FF2F3AC3FF2F3AC3FF2F3AC3FF2F3AC3FF2F3AC3FF2F3AC3FF2F3AC3FF2F3AC3FF2F3AC3FF2F3AC3FF2F3AC3FF2F3AC3FF2F3AC3FF2F3AC3FF2F3AC3FF2F3AC3FF2F3AC3FF2F3AC3FF2F3AC3FF2F3AC3FF2F3AC3FF2F3AC3FF2F3AC3FF303AC2FF2F39C1FF2E38BFFF2E39BDFF2D37BBFF2D37B8FF2C36B3FF3E47C1FF131A75FF0000001000000000000000000000001011186BFF3A42AEFF2D36AFFF2E38B3FF2E38B6FF2F39B8FF303ABCFF313BBDFF303BC0FF323CC2FF323CC2FF323CC3FF313CC4FF313CC4FF313CC4FF313CC4FF313CC4FF313CC4FF313CC4FF313CC4FF313CC4FF313CC4FF313CC4FF313CC4FF313CC4FF313CC4FF313CC4FF313CC4FF313CC4FF313CC4FF313CC4FF313CC4FF313CC4FF313CC4FF313CC4FF313CC4FF313CC4FF313CC4FF313CC4FF313CC4FF313CC4FF313CC4FF313CC4FF313CC4FF313CC4FF313CC4FF313CC4FF313CC4FF313CC4FF313CC4FF313CC4FF323CC3FF323CC2FF313BC1FF313BBFFF303ABCFF2F39B9FF2F39B5FF414AC2FF131A77FF0000001000000000000000000000001012186DFF3C44AEFF2F39B1FF3039B4FF313BB8FF313BBAFF333DBDFF333DBFFF333EC2FF343EC2FF343EC4FF353FC5FF353FC5FF353FC5FF353FC5FF353FC5FF353FC5FF353FC5FF353FC5FF353FC5FF353FC5FF353FC5FF353FC5FF353FC5FF353FC5FF353FC5FF353FC5FF353FC5FF353FC5FF353FC5FF353FC5FF353FC5FF353FC5FF353FC5FF353FC5FF353FC5FF353FC5FF353FC5FF353FC5FF353FC5FF353FC5FF353FC5FF353FC5FF353FC5FF353FC5FF353FC5FF353FC5FF353FC5FF353FC5FF353FC5FF353FC5FF343EC4FF343FC3FF333EC2FF343EC0FF333DBEFF313BBAFF313AB6FF434CC3FF131B79FF00000010000000000000000000000010121971FF3E46B0FF333CB3FF333DB7FF343DB9FF343EBDFF353FBFFF3640C1FF3741C3FF3842C4FF3741C5FF3741C6FF3741C6FF3741C6FF3741C6FF3741C6FF3741C6FF3741C6FF3741C6FF3741C6FF3741C6FF3741C6FF3741C6FF3741C6FF3741C6FF3741C6FF3741C6FF3741C6FF3741C6FF3741C6FF3741C6FF3741C6FF3741C6FF3741C6FF3741C6FF3741C6FF3741C6FF3741C6FF3741C6FF3741C6FF3741C6FF3741C6FF3741C6FF3741C6FF3741C6FF3741C6FF3741C6FF3741C6FF3741C6FF3741C6FF3741C6FF3741C5FF3842C4FF3741C3FF3640C2FF353FC0FF343EBDFF343DB8FF454EC3FF141B7CFF00000010000000000000000000000010121971FF4149B1FF353EB4FF353EB8FF3740BCFF3741BEFF3841C1FF3842C3FF3A44C4FF3943C5FF3943C6FF3943C7FF3943C7FF3943C7FF3943C7FF3943C7FF3943C7FF3943C7FF3943C7FF3943C7FF3943C7FF3943C7FF3943C7FF3943C7FF3943C7FF3943C7FF3943C7FF3943C7FF3943C7FF3943C7FF3943C7FF3943C7FF3943C7FF3943C7FF3943C7FF3943C7FF3943C7FF3943C7FF3943C7FF3943C7FF3943C7FF3943C7FF3943C7FF3943C7FF3943C7FF3943C7FF3943C7FF3943C7FF3943C7FF3943C7FF3943C7FF3943C6FF3943C5FF3A44C4FF3842C3FF3741C1FF3741BEFF3740BAFF4850C4FF141C7EFF00000010000000000000000000000010121975FF444CB3FF3841B7FF3942BBFF3A44BEFF3B45C1FF3B44C2FF3C46C5FF3D46C6FF3D46C6FF3D46C7FF3E47C8FF3E47C8FF3E47C8FF3E47C8FF3E47C8FF3E47C8FF3E47C8FF3E47C8FF3E47C8FF3E47C8FF3E47C8FF3E47C8FF3E47C8FF3E47C8FF3E47C8FF3E47C8FF3E47C8FF3E47C8FF3E47C8FF3E47C8FF3E47C8FF3E47C8FF3E47C8FF3E47C8FF3E47C8FF3E47C8FF3E47C8FF3E47C8FF3E47C8FF3E47C8FF3E47C8FF3E47C8FF3E47C8FF3E47C8FF3E47C8FF3E47C8FF3E47C8FF3E47C8FF3E47C8FF3E47C8FF3D46C7FF3D46C7FF3D46C6FF3C46C5FF3C45C3FF3A44C0FF3A43BCFF4B54C6FF151C81FF00000010000000000000000000000010131A77FF474FB6FF3B43B9FF3C45BDFF3C46C0FF3E48C3FF3E48C4FF3F49C7FF404AC8FF4049C8FF404AC9FF404AC9FF404AC9FF404AC9FF404AC9FF404AC9FF404AC9FF404AC9FF404AC9FF404AC9FF404AC9FF404AC9FF404AC9FF404AC9FF404AC9FF404AC9FF404AC9FF404AC9FF404AC9FF404AC9FF404AC9FF404AC9FF404AC9FF404AC9FF404AC9FF404AC9FF404AC9FF404AC9FF404AC9FF404AC9FF404AC9FF404AC9FF404AC9FF404AC9FF404AC9FF404AC9FF404AC9FF404AC9FF404AC9FF404AC9FF404AC9FF404AC9FF4049C8FF404AC8FF3F49C7FF3E47C5FF3E48C3FF3C46BFFF4D56C8FF151D83FF00000010000000000000000000000010141B7BFF4951B7FF3D46BAFF3F48BEFF3F48C1FF4049C4FF414AC5FF414AC6FF414BC8FF414BC8FF414BC8FF414BC8FF414BC8FF414BC8FF414BC8FF414BC8FF414BC8FF414BC8FF414BC8FF414BC8FF414BC8FF414BC8FF414BC8FF414BC8FF414BC8FF414BC8FF414BC8FF414BC8FF414BC8FF414BC8FF414BC8FF414BC8FF414BC8FF414BC8FF414BC8FF414BC8FF414BC8FF414BC8FF414BC8FF414BC8FF414BC8FF414BC8FF414BC8FF414BC8FF414BC8FF414BC8FF414BC8FF414BC8FF414BC8FF414BC8FF414BC8FF414BC8FF414BC8FF414BC7FF414AC6FF404AC5FF4049C3FF3E48C0FF5059C9FF161E87FF00000010000000000000000000000010141B7DFF4C53B8FF3E47BAFF4149BEFF424BC1FF424BC2FF414AC2FF424CC4FF434CC5FF434CC5FF434CC6FF434CC6FF434CC6FF434CC6FF434CC6FF434CC6FF434CC6FF434CC6FF434CC6FF434CC6FF434CC6FF434CC6FF434CC6FF434CC6FF434CC6FF434CC6FF434CC6FF434CC6FF434CC6FF434CC6FF434CC6FF434CC6FF434CC6FF434CC6FF434CC6FF434CC6FF434CC6FF434CC6FF434CC6FF434CC6FF434CC6FF434CC6FF434CC6FF434CC6FF434CC6FF434CC6FF434CC6FF434CC6FF434CC6FF434CC6FF434CC6FF434CC6FF434CC5FF434CC5FF424CC4FF424BC4FF414AC1FF4149BEFF525AC8FF161E89FF00000010000000000000000000000010662503FFA86440FFA65830FFA95A31FFAB5C32FFAC5C32FFAD5C32FFAE5D33FFAE5D33FFAF5D33FFAF5D33FFAF5D33FFAF5D33FFAF5D33FFAF5D33FFAF5D33FFAF5D33FFAF5D33FFAF5D33FFAF5D33FFF1F1F1FFF1F1F1FFF1F1F1FFF1F1F1FFF1F1F1FFF1F1F1FFF1F1F1FFF1F1F1FFF1F1F1FFF1F1F1FFF1F1F1FFF1F1F1FFF1F1F1FFF1F1F1FFF1F1F1FFF1F1F1FFF1F1F1FFF1F1F1FFF1F1F1FFF1F1F1FFF1F1F1FFF1F1F1FFF1F1F1FFF1F1F1FFF1F1F1FFF1F1F1FFF1F1F1FFF1F1F1FFF1F1F1FFF1F1F1FFF1F1F1FFF1F1F1FFF0F0F0FFF0F0F0FFF0F0F0FFEFEFEFFFECECECFFEAEAEAFFF2F2F2FFA8A8A8FF00000010000000000000000000000010692603FFAB6743FFA95C34FFAC5E36FFAE5F35FFAE5F35FFAF6036FFB06036FFB16036FFB16036FFB16036FFB16036FFB16036FFB16036FFB16036FFB16036FFB16036FFB16036FFB16036FFB16036FFF2F2F2FFF2F2F2FFF2F2F2FFF2F2F2FFF2F2F2FFF2F2F2FFF2F2F2FFF2F2F2FFF2F2F2FFF2F2F2FFF2F2F2FFF2F2F2FFF2F2F2FFF2F2F2FFF2F2F2FFF2F2F2FFF2F2F2FFF2F2F2FFF2F2F2FFF2F2F2FFF2F2F2FFF2F2F2FFF2F2F2FFF2F2F2FFF2F2F2FFF2F2F2FFF2F2F2FFF2F2F2FFF2F2F2FFF2F2F2FFF2F2F2FFF2F2F2FFF2F2F2FFF1F1F1FFF1F1F1FFF0F0F0FFEEEEEEFFECECECFFF4F4F4FFABABABFF000000100000000000000000000000106C2703FFAF6A46FFAC5F37FFAF6138FFB06138FFB16239FFB26239FFB26239FFB26339FFB26339FFB26339FFB26339FFB26339FFB26339FFB26339FFB26339FFB26339FFB26339FFB26339FFB26339FFF3F3F3FFF3F3F3FFF3F3F3FFF3F3F3FFF3F3F3FFF3F3F3FFF3F3F3FFF3F3F3FFF3F3F3FFF3F3F3FFF3F3F3FFF3F3F3FFF3F3F3FFF3F3F3FFF3F3F3FFF3F3F3FFF3F3F3FFF3F3F3FFF3F3F3FFF3F3F3FFF3F3F3FFF3F3F3FFF3F3F3FFF3F3F3FFF3F3F3FFF3F3F3FFF3F3F3FFF3F3F3FFF3F3F3FFF3F3F3FFF3F3F3FFF3F3F3FFF3F3F3FFF3F3F3FFF2F2F2FFF2F2F2FFF0F0F0FFEEEEEEFFF5F5F5FFAFAFAFFF000000100000000000000000000000106F2803FFB16D4AFFAF633BFFB1653CFFB3653CFFB4663DFFB4663DFFB4663DFFB4663DFFB4663DFFB4663DFFB4663DFFB4663DFFB4663DFFB4663DFFB4663DFFB4663DFFB4663DFFB4663DFFB4663DFFF4F4F4FFF4F4F4FFF4F4F4FFF4F4F4FFF4F4F4FFF4F4F4FFF4F4F4FFF4F4F4FFF4F4F4FFF4F4F4FFF4F4F4FFF4F4F4FFF4F4F4FFF4F4F4FFF4F4F4FFF4F4F4FFF4F4F4FFF4F4F4FFF4F4F4FFF4F4F4FFF4F4F4FFF4F4F4FFF4F4F4FFF4F4F4FFF4F4F4FFF4F4F4FFF4F4F4FFF4F4F4FFF4F4F4FFF4F4F4FFF4F4F4FFF4F4F4FFF4F4F4FFF4F4F4FFF3F3F3FFF3F3F3FFF2F2F2FFEFEFEFFFF6F6F6FFB2B2B2FF00000010000000000000000000000010712803FFB4714EFFB1663EFFB3673FFFB56840FFB56840FFB66940FFB66940FFB66940FFB66940FFB66940FFB66940FFB66940FFB66940FFB66940FFB66940FFB66940FFB66940FFB66940FFB66940FFF5F5F5FFF5F5F5FFF5F5F5FFF5F5F5FFF5F5F5FFF5F5F5FFF5F5F5FFF5F5F5FFF5F5F5FFF5F5F5FFF5F5F5FFF5F5F5FFF5F5F5FFF5F5F5FFF5F5F5FFF5F5F5FFF5F5F5FFF5F5F5FFF5F5F5FFF5F5F5FFF5F5F5FFF5F5F5FFF5F5F5FFF5F5F5FFF5F5F5FFF5F5F5FFF5F5F5FFF5F5F5FFF5F5F5FFF5F5F5FFF5F5F5FFF5F5F5FFF5F5F5FFF5F5F5FFF5F5F5FFF4F4F4FFF3F3F3FFF1F1F1FFF6F6F6FFB5B5B5FF00000010000000000000000000000010742A03FFB77552FFB46841FFB66B43FFB76B43FFB76B43FFB86C44FFB86C44FFB86C44FFB86C44FFB86C44FFB86C44FFB86C44FFB86C44FFB86C44FFB86C44FFB86C44FFB86C44FFB86C44FFB86C44FFF6F6F6FFF6F6F6FFF6F6F6FFF6F6F6FFF6F6F6FFF6F6F6FFF6F6F6FFF6F6F6FFF6F6F6FFF6F6F6FFF6F6F6FFF6F6F6FFF6F6F6FFF6F6F6FFF6F6F6FFF6F6F6FFF6F6F6FFF6F6F6FFF6F6F6FFF6F6F6FFF6F6F6FFF6F6F6FFF6F6F6FFF6F6F6FFF6F6F6FFF6F6F6FFF6F6F6FFF6F6F6FFF6F6F6FFF6F6F6FFF6F6F6FFF6F6F6FFF6F6F6FFF6F6F6FFF6F6F6FFF6F6F6FFF4F4F4FFF2F2F2FFF7F7F7FFB8B8B8FF00000010000000000000000000000010762B03FFBA7755FFB76D46FFB96E47FFB96E47FFBA6E47FFBA6E47FFD7B19CFFBF7B58FFBA6E47FFBA6E47FFBF7B58FFD7B19CFFBA6E47FFBA6E47FFBA6E47FFBA6E47FFBA6E47FFBA6E47FFBA6E47FFF7F7F7FFF7F7F7FFF7F7F7FFF7F7F7FFF7F7F7FFF7F7F7FFF7F7F7FFF7F7F7FFF7F7F7FFF7F7F7FFF7F7F7FFF7F7F7FFF7F7F7FFF7F7F7FFF7F7F7FFF7F7F7FFF7F7F7FFF7F7F7FFF7F7F7FFF7F7F7FFF7F7F7FFF7F7F7FFF7F7F7FFF7F7F7FFF7F7F7FFF7F7F7FFF7F7F7FFF7F7F7FFF7F7F7FFF7F7F7FFF7F7F7FFF7F7F7FFF7F7F7FFF7F7F7FFF7F7F7FFF7F7F7FFF6F6F6FFF4F4F4FFF7F7F7FFBABABAFF00000010000000000000000000000010782B03FFBB7A58FFB86F49FFBA714AFFBB714AFFBB714AFFBB714AFFD6AE99FFF2ECE9FFCD9A7FFFCC987DFFF2ECE9FFD6AE99FFBB714AFFBB714AFFBB714AFFBB714AFFBB714AFFBB714AFFBB714AFFF7F7F7FFF7F7F7FFF7F7F7FFF7F7F7FFF7F7F7FFF7F7F7FFF7F7F7FFF7F7F7FFF7F7F7FFF7F7F7FFF7F7F7FFF7F7F7FFF7F7F7FFF7F7F7FFF7F7F7FFF7F7F7FFF7F7F7FFF7F7F7FFF7F7F7FFF7F7F7FFF7F7F7FFF7F7F7FFF7F7F7FFF7F7F7FFF7F7F7FFF7F7F7FFF7F7F7FFF7F7F7FFF7F7F7FFF7F7F7FFF7F7F7FFF7F7F7FFF7F7F7FFF7F7F7FFF7F7F7FFF7F7F7FFF6F6F6FFF4F4F4FFF9F9F9FFBCBCBCFF00000010000000000000000000000010792C03FFBC7B59FFBA714BFFBB724CFFBC724CFFBC724CFFBC724CFFC38260FFF8F8F8FFF8F8F8FFF8F8F8FFF8F8F8FFC38260FFBC724CFFBC724CFFBC724CFFBC724CFFBC724CFFBC724CFFBC724CFFF8F8F8FFF8F8F8FFF8F8F8FFF8F8F8FFF8F8F8FFF8F8F8FFF8F8F8FFF8F8F8FFF8F8F8FFF8F8F8FFF8F8F8FFF8F8F8FFF8F8F8FFF8F8F8FFF8F8F8FFF8F8F8FFF8F8F8FFF8F8F8FFF8F8F8FFF8F8F8FFF8F8F8FFF8F8F8FFF8F8F8FFF8F8F8FFF8F8F8FFF8F8F8FFF8F8F8FFF8F8F8FFF8F8F8FFF8F8F8FFF8F8F8FFF8F8F8FFF8F8F8FFF8F8F8FFF8F8F8FFF8F8F8FFF7F7F7FFF5F5F5FFF8F8F8FFBFBFBFFF000000100000000000000000000000107D2D03FFBF7F5EFFBB744EFFBD754FFFBE754FFFBE754FFFBE754FFFC78969FFF7F4F3FFF9F9F9FFF9F9F9FFF6F3F1FFC78969FFBE754FFFBE754FFFBE754FFFBE754FFFBE754FFFBE754FFFBE754FFFF9F9F9FFF9F9F9FFF9F9F9FFF9F9F9FFF9F9F9FFF9F9F9FFF9F9F9FFF9F9F9FFF9F9F9FFF9F9F9FFF9F9F9FFF9F9F9FFF9F9F9FFF9F9F9FFF9F9F9FFF9F9F9FFF9F9F9FFF9F9F9FFF9F9F9FFF9F9F9FFF9F9F9FFF9F9F9FFF9F9F9FFF9F9F9FFF9F9F9FFF9F9F9FFF9F9F9FFF9F9F9FFF9F9F9FFF9F9F9FFF9F9F9FFF9F9F9FFF9F9F9FFF9F9F9FFF9F9F9FFF9F9F9FFF8F8F8FFF6F6F6FFF9F9F9FFC2C2C2FF000000100000000000000000000000107D2D03FFC08160FFBD7651FFBF7752FFBF7752FFBF7752FFD6A991FFF7F5F3FFFAFAFAFFFAFAFAFFFAFAFAFFFAFAFAFFF7F4F2FFD6A991FFBF7752FFBF7752FFBF7752FFBF7752FFBF7752FFBF7752FFFAFAFAFFFAFAFAFFFAFAFAFFFAFAFAFFFAFAFAFFFAFAFAFFFAFAFAFFFAFAFAFFFAFAFAFFFAFAFAFFFAFAFAFFFAFAFAFFFAFAFAFFFAFAFAFFFAFAFAFFFAFAFAFFFAFAFAFFFAFAFAFFFAFAFAFFFAFAFAFFFAFAFAFFFAFAFAFFFAFAFAFFFAFAFAFFFAFAFAFFFAFAFAFFFAFAFAFFFAFAFAFFFAFAFAFFFAFAFAFFFAFAFAFFFAFAFAFFFAFAFAFFFAFAFAFFFAFAFAFFFAFAFAFFF9F9F9FFF7F7F7FFF8F8F8FFC3C3C3FF000000100000000000000000000000107F2E03FFC28362FFBF7954FFC07A55FFC17A55FFD09B80FFFBFBFBFFFBFBFBFFFBFBFBFFFBFBFBFFFBFBFBFFFBFBFBFFFBFBFBFFFBFBFBFFD09B80FFC17A55FFC17A55FFC17A55FFC17A55FFC17A55FFFBFBFBFFFBFBFBFFFBFBFBFFFBFBFBFFFBFBFBFFFBFBFBFFFBFBFBFFFBFBFBFFFBFBFBFFFBFBFBFFFBFBFBFFFBFBFBFFFBFBFBFFFBFBFBFFFBFBFBFFFBFBFBFFFBFBFBFFFBFBFBFFFBFBFBFFFBFBFBFFFBFBFBFFFBFBFBFFFBFBFBFFFBFBFBFFFBFBFBFFFBFBFBFFFBFBFBFFFBFBFBFFFBFBFBFFFBFBFBFFFBFBFBFFFBFBFBFFFBFBFBFFFBFBFBFFFBFBFBFFFBFBFBFFFAFAFAFFF8F8F8FFF8F8F8FFC5C5C5FF00000010000000000000000000000010812E03FFC38665FFC17B57FFC27C58FFC37D58FFC37D58FFC37D58FFC37D58FFC37D58FFF6EFEBFFF2E7E1FFC37D58FFC37D58FFC37D58FFC37D58FFC37D58FFC37D58FFC37D58FFC37D58FFC37D58FFFCFCFCFFFCFCFCFFFCFCFCFFFCFCFCFFFCFCFCFFFCFCFCFFFCFCFCFFFCFCFCFFFCFCFCFFFCFCFCFFFCFCFCFFFCFCFCFFFCFCFCFFFCFCFCFFFCFCFCFFFCFCFCFFFCFCFCFFFCFCFCFFFCFCFCFFFCFCFCFFFCFCFCFFFCFCFCFFFCFCFCFFFCFCFCFFFCFCFCFFFCFCFCFFFCFCFCFFFCFCFCFFFCFCFCFFFCFCFCFFFCFCFCFFFCFCFCFFFCFCFCFFFCFCFCFFFCFCFCFFFCFCFCFFFBFBFBFFF9F9F9FFF9F9F9FFC7C7C7FF00000010000000000000000000000010822F03FFC48767FFC17D59FFC37E5AFFC47E5AFFC47E5AFFC47E5AFFC47E5AFFC47E5AFFEAD5C9FFEAD5C9FFC47E5AFFC47E5AFFC47E5AFFC47E5AFFC47E5AFFC47E5AFFC47E5AFFC47E5AFFC47E5AFFFCFCFCFFFCFCFCFFFCFCFCFFFCFCFCFFFCFCFCFFFCFCFCFFFCFCFCFFFCFCFCFFFCFCFCFFFCFCFCFFFCFCFCFFFCFCFCFFFCFCFCFFFCFCFCFFFCFCFCFFFCFCFCFFFCFCFCFFFCFCFCFFFCFCFCFFFCFCFCFFFCFCFCFFFCFCFCFFFCFCFCFFFCFCFCFFFCFCFCFFFCFCFCFFFCFCFCFFFCFCFCFFFCFCFCFFFCFCFCFFFCFCFCFFFCFCFCFFFCFCFCFFFCFCFCFFFCFCFCFFFCFCFCFFFBFBFBFFF9F9F9FFF8F8F8FFC9C9C9FF00000010000000000000000000000010832F03FFC6896AFFC37F5CFFC4815DFFC5815DFFC5815DFFC5815DFFC5815DFFC5815DFFE0BDAAFFE0BDAAFFC5815DFFC5815DFFC5815DFFC5815DFFC5815DFFC5815DFFC5815DFFC5815DFFC5815DFFFDFDFDFFFDFDFDFFFDFDFDFFFDFDFDFFFDFDFDFFFDFDFDFFFDFDFDFFFDFDFDFFFDFDFDFFFDFDFDFFFDFDFDFFFDFDFDFFFDFDFDFFFDFDFDFFFDFDFDFFFDFDFDFFFDFDFDFFFDFDFDFFFDFDFDFFFDFDFDFFFDFDFDFFFDFDFDFFFDFDFDFFFDFDFDFFFDFDFDFFFDFDFDFFFDFDFDFFFDFDFDFFFDFDFDFFFDFDFDFFFDFDFDFFFDFDFDFFFDFDFDFFFDFDFDFFFDFDFDFFFDFDFDFFFCFCFCFFFAFAFAFFF9F9F9FFCACACAFF00000010000000000000000000000010853003FFD19F85FFC4825FFFC68360FFC78360FFC78360FFC78360FFC78360FFC78360FFC78360FFC78360FFC78360FFC78360FFC78360FFC78360FFC78360FFC78360FFC78360FFC78360FFC78360FFFEFEFEFFFEFEFEFFFEFEFEFFFEFEFEFFFEFEFEFFFEFEFEFFFEFEFEFFFEFEFEFFFEFEFEFFFEFEFEFFFEFEFEFFFEFEFEFFFEFEFEFFFEFEFEFFFEFEFEFFFEFEFEFFFEFEFEFFFEFEFEFFFEFEFEFFFEFEFEFFFEFEFEFFFEFEFEFFFEFEFEFFFEFEFEFFFEFEFEFFFEFEFEFFFEFEFEFFFEFEFEFFFEFEFEFFFEFEFEFFFEFEFEFFFEFEFEFFFEFEFEFFFEFEFEFFFEFEFEFFFEFEFEFFFDFDFDFFFBFBFBFFFAFAFAFFCCCCCCFF00000010000000000000000000000010863003FFD9B19CFFC98B6AFFCA8B6BFFCB8C6BFFCB8C6BFFCB8C6BFFCB8C6BFFCB8C6BFFCB8C6BFFCB8C6BFFCB8C6BFFCB8C6BFFCB8C6BFFCB8C6BFFCB8C6BFFCB8C6BFFCB8C6BFFCB8C6BFFCB8C6BFFFEFEFEFFFEFEFEFFFEFEFEFFFEFEFEFFFEFEFEFFFEFEFEFFFEFEFEFFFEFEFEFFFEFEFEFFFEFEFEFFFEFEFEFFFEFEFEFFFEFEFEFFFEFEFEFFFEFEFEFFFEFEFEFFFEFEFEFFFEFEFEFFFEFEFEFFFEFEFEFFFEFEFEFFFEFEFEFFFEFEFEFFFEFEFEFFFEFEFEFFFEFEFEFFFEFEFEFFFEFEFEFFFEFEFEFFFEFEFEFFFEFEFEFFFEFEFEFFFEFEFEFFFEFEFEFFFEFEFEFFFEFEFEFFFDFDFDFFFBFBFBFFFBFBFBFFCDCDCDFF00000010000000000000000000000010862E00FFDFBDABFFD09B7FFFD29C80FFD39C80FFD39C80FFD39C80FFD39C80FFD39C80FFD39C80FFD39C80FFD39C80FFD39C80FFD39C80FFD39C80FFD39C80FFD39C80FFD39C80FFD39C80FFD39C80FFFFFFFFFFFFFFFFFFFFFFFFFFFFFFFFFFFFFFFFFFFFFFFFFFFFFFFFFFFFFFFFFFFFFFFFFFFFFFFFFFFFFFFFFFFFFFFFFFFFFFFFFFFFFFFFFFFFFFFFFFFFFFFFFFFFFFFFFFFFFFFFFFFFFFFFFFFFFFFFFFFFFFFFFFFFFFFFFFFFFFFFFFFFFFFFFFFFFFFFFFFFFFFFFFFFFFFFFFFFFFFFFFFFFFFFFFFFFFFFFFFFFFFFFFFFFFFFFFFFFFFFFFFFFFFFFFFFFFFFFFFFFFFFFFFEFEFEFFFCFCFCFFFBFBFBFFCECECEFF0000001000000000000000000000000C872E00FFE0BFAEFFD7AB94FFD9AC95FFDAAD95FFDAAD95FFDAAD95FFDAAD95FFDAAD95FFDAAD95FFDAAD95FFDAAD95FFDAAD95FFDAAD95FFDAAD95FFDAAD95FFDAAD95FFDAAD95FFDCB29CFFDFB8A4FFFFFFFFFFFFFFFFFFFFFFFFFFFFFFFFFFFFFFFFFFFFFFFFFFFFFFFFFFFFFFFFFFFFFFFFFFFFFFFFFFFFFFFFFFFFFFFFFFFFFFFFFFFFFFFFFFFFFFFFFFFFFFFFFFFFFFFFFFFFFFFFFFFFFFFFFFFFFFFFFFFFFFFFFFFFFFFFFFFFFFFFFFFFFFFFFFFFFFFFFFFFFFFFFFFFFFFFFFFFFFFFFFFFFFFFFFFFFFFFFFFFFFFFFFFFFFFFFFFFFFFFFFFFFFFFFFFFFFFFFFFEFEFEFFFEFEFEFFFBFBFBFFFAFAFAFFCFCFCFFF0000000C000000000000000000000004872E00FF872E00FF872E00FF872E00FF872E00FF872E00FF872E00FF872E00FF872E00FF872E00FF872E00FF872E00FF872E00FF872E00FF872E00FF872E00FF872E00FF872E00FF872E00FF872E00FFD0D0D0FFD0D0D0FFD0D0D0FFD0D0D0FFD0D0D0FFD0D0D0FFD0D0D0FFD0D0D0FFD0D0D0FFD0D0D0FFD0D0D0FFD0D0D0FFD0D0D0FFD0D0D0FFD0D0D0FFD0D0D0FFD0D0D0FFD0D0D0FFD0D0D0FFD0D0D0FFD0D0D0FFD0D0D0FFD0D0D0FFD0D0D0FFD0D0D0FFD0D0D0FFD0D0D0FFD0D0D0FFD0D0D0FFD0D0D0FFD0D0D0FFD0D0D0FFD0D0D0FFD0D0D0FFD0D0D0FFD0D0D0FFD0D0D0FFD0D0D0FFD0D0D0FFD0D0D0FF0000000400000000000000000000000000000000000000000000000000000000000000000000000000000000000000000000000000000000000000000000000000000000000000000000000000000000000000000000000000000000000000000000000000000000000000000000000000000000000000000000000000000000000000000000000000000000000000000000000000000000000000000000000000000000000000000000000000000000000000000000000000000000000000000000000000000000000000000000000000000000000000000000000000000000000000000000000000000000000000000000000000000000000000000000000000000000000000000000000000000000000000000000000000000000000000000000000000000000000000000000000000000000000000000000000000000000000000000000000000000000000000000000000000000000000000000000000000000000000000000000000000000000000000000000000000000000000000000000000000000000000000000000000000000000000000000000000000000000000000000000000000000000000000000000000000000000000000000000000000000000000000000000000000000000000000000000000000000000000000000000000000000000000000000000000000000000000000000000000000000000000000000000000000000000000000000000000000000000000000000000000000000000000000000000000000000000000000000000000000000000000000000000000000000000000000000000000000000000000000000000000000000000000000000000000000000000000000000000000000000000000000000000000000000000000000000000000000000000000000000000000000000000000000000000000000000000000000000000000000000000000000000000000000000000000000000000000000000000000000000000000000000000000000000000000000000000000000000000000000000000000000000000000000000000000000000000000000000000000000000000000000000000000000000000000000000000000000000000000000000000000000000000000000000000000000000000000000000000000000000000000000000000000000000000000000000000000000000000000000000000000000000000000000000000000000000000000000000000000000000000000000000000000000000000000000000000000000000000000000000000000000000000000000000000000000000000000000000000000000000000000000000000000000000000000000000000000000000000000000000000000000000000000000000000000000000000000000000000000000000000000000000000000000000000000000000000000000000000000000000000000000000000000000000000000000000000000000000000000000000000000000000000000000000000000000000000000000000000000000000000000000000000000000000000000000000000000000000000000000000000000000000000000000000000000000000000000000000000000000000000000000000000000000000000000000000000000000000000000000000000000000000000000000000000000000000000000000000000000000000000000000000000000000000000000000000000000000000000000000000000000000000000000000000000000000000000000000000000000000000000000000000000000000000000000000000000000000000000000000000000000000000000000000000000000000000000000000000000000000000000000000000000000000000000000000000000000000000000000000000000000000000000000000000000000000000000000000000000000000000000000000000000000000000000000000000000000000000000000000000000000000000000000000000000000000000000000000000000000000000000000000000000000000000000000000000000000000000000000000000000000000000000000000000000000000000000000000000000000000000000000000000000000000000000000000000000000000000000000000000000000000000000000000000000000000000000000000000000000000000000000000000000000000000000000000000000000000000000000000000000000000000000000000000000000000000000000000000000000000000000000000000000000000000000000000000000000000000000000000000000000000000000000000000000000000000000000000000000000000000000000000000000000000000000000000000000000000000000000000000000000000000000000000000000000000000000000000000000000000000000000000000000000000000000000000000000000000000000000000000000000000000000000000000000000000000000000000000000000000000000000000000000000000000000000000000000000000000000000000000000000000000000000000000000000000000000000000000000000000000000000000000000000000000000000000000000000000000000000000000000000000000000000000000000000000000000000000000000000000000000000000000000000000000000000000000000000000000000000000000000000000000000000000000000000000000000000000000000000000000000000000000000000000000000000000000000000000000000000000000000000000000000000000000000000000000000000000000000000000000000000000000000000000000000000000000000000000000000000000000000000000000000000000000000000000000000000000000000000000000000000000000000000000000000000000000000000000000000000000000000000000000000000000000000000000000000000000000000000000000000000000000000000000000000000000000000000000000000000000000000000000000000000000000000000000000000000000000000000000000000000000000000000000000000000000000000000000000000000000000000000000000000000000000000000000000000000000000000000000000000000000000000000000000000000000000000000000000000000000000000000000000000000000000000000000000000000000000000000000000000000000000000000000000000000000000000000000000000000000000000000000000000000000000000000000000000000000000000000000000000000000000000000000000000000000000000000000000000000000000000000000000000000000000000000000000000000000000000000000000000000000000000000000000000000000000000000000000000000000000000000000000000000000000000000000000000000000000000000000000000000000000000000000000000000000000000000000000000000000000000000000000000000000000000000000000000000000000000000000000000000000000000000000000000000000000000000000000000000000000000000000000000000000000000000000000000000000000000000000000000000000000000000000000000000000000000000000000000000000000000000000000000000000000000000000000000000000000000000000000000000000000000000000000000000000000000000000000000000000000000000000000000000000000000000000000000000000000000000000000000000000000000000000000000000000000000000000000000000000000000000000000000000000000000000000000000000000000000000000000000000000000000000000000000000000000000000000000000000000000000000000000000000000000000000000000000000000000000000000000000000000000000000000000000000000000000000000000000000000000000000000000000000000000000000000000000000000000000000000000000000000000000000000000000000000000000000000000000000000000000000000000000000000000000000000000000000000000000000000000000000000000000000000000000000000000000000000000000000000000000000000000000000000000000000000000000FFFFFFFFFFFFFFFFFFFFFFFFFFFFFFFFFFFFFFFFFFFFFFFFFFFFFFFFFFFFFFFFFFFFFFFFFFFFFFFFFFFFFFFFFFFFFFFFFFFFFFFFFFFFFFFFFFFFFFFFFFFFFFFFFFFFFFFFFFFFFFFFFFFFFFFFFFFFFFFF800000000000000180000000000000018000000000000001800000000000000180000000000000018000000000000001800000000000000180000000000000018000000000000001800000000000000180000000000000018000000000000001800000000000000180000000000000018000000000000001800000000000000180000000000000018000000000000001800000000000000180000000000000018000000000000001800000000000000180000000000000018000000000000001800000000000000180000000000000018000000000000001800000000000000180000000000000018000000000000001800000000000000180000000000000018000000000000001800000000000000180000000000000018000000000000001800000000000000180000000000000018000000000000001800000000000000180000000000000018000000000000001FFFFFFFFFFFFFFFFFFFFFFFFFFFFFFFFFFFFFFFFFFFFFFFFFFFFFFFFFFFFFFFFFFFFFFFFFFFFFFFFFFFFFFFFFFFFFFFFFFFFFFFFFFFFFFFFFFFFFFFFFFFFFFFFFFFFFFFFFFFFFFFFFFFFFFFFFFFFFFFFFFFFFFFFFFFFFFFFFFFFFFFFFFFFFFFF);

COMMIT;


-- -----------------------------------------------------
-- Data for table `mydb`.`Rol`
-- -----------------------------------------------------
START TRANSACTION;
USE `mydb`;
INSERT INTO `mydb`.`Rol` (`id_Rol`, `tipo`) VALUES (1, 'Administrador');
INSERT INTO `mydb`.`Rol` (`id_Rol`, `tipo`) VALUES (2, 'Diseñador');
INSERT INTO `mydb`.`Rol` (`id_Rol`, `tipo`) VALUES (3, 'Normal');
INSERT INTO `mydb`.`Rol` (`id_Rol`, `tipo`) VALUES (4, 'Modelo');

COMMIT;


-- -----------------------------------------------------
-- Data for table `mydb`.`Region`
-- -----------------------------------------------------
START TRANSACTION;
USE `mydb`;
INSERT INTO `mydb`.`Region` (`id_Region`, `nombre_region`, `id_pais`) VALUES (15, 'Arica', 1);
INSERT INTO `mydb`.`Region` (`id_Region`, `nombre_region`, `id_pais`) VALUES (1, 'Iquique', 1);
INSERT INTO `mydb`.`Region` (`id_Region`, `nombre_region`, `id_pais`) VALUES (2, 'Antofagasta', 1);
INSERT INTO `mydb`.`Region` (`id_Region`, `nombre_region`, `id_pais`) VALUES (3, 'Copiapó', 1);
INSERT INTO `mydb`.`Region` (`id_Region`, `nombre_region`, `id_pais`) VALUES (4, 'La Serena', 1);
INSERT INTO `mydb`.`Region` (`id_Region`, `nombre_region`, `id_pais`) VALUES (5, 'Valparaíso', 1);
INSERT INTO `mydb`.`Region` (`id_Region`, `nombre_region`, `id_pais`) VALUES (13, 'Santiago', 1);
INSERT INTO `mydb`.`Region` (`id_Region`, `nombre_region`, `id_pais`) VALUES (6, 'Rancagua', 1);
INSERT INTO `mydb`.`Region` (`id_Region`, `nombre_region`, `id_pais`) VALUES (7, 'Talca', 1);
INSERT INTO `mydb`.`Region` (`id_Region`, `nombre_region`, `id_pais`) VALUES (8, 'Concepción', 1);
INSERT INTO `mydb`.`Region` (`id_Region`, `nombre_region`, `id_pais`) VALUES (9, 'Temuco', 1);
INSERT INTO `mydb`.`Region` (`id_Region`, `nombre_region`, `id_pais`) VALUES (14, 'Valdivia', 1);
INSERT INTO `mydb`.`Region` (`id_Region`, `nombre_region`, `id_pais`) VALUES (10, 'Puerto Montt', 1);
INSERT INTO `mydb`.`Region` (`id_Region`, `nombre_region`, `id_pais`) VALUES (11, 'Coyhaique', 1);
INSERT INTO `mydb`.`Region` (`id_Region`, `nombre_region`, `id_pais`) VALUES (12, 'Punta Arenas', 1);

COMMIT;


-- -----------------------------------------------------
-- Data for table `mydb`.`Comuna`
-- -----------------------------------------------------
START TRANSACTION;
USE `mydb`;
INSERT INTO `mydb`.`Comuna` (`id_comuna`, `id_pais`, `nombre_comuna`, `id_region`) VALUES (1101, 1, 'Iquique', 1);
INSERT INTO `mydb`.`Comuna` (`id_comuna`, `id_pais`, `nombre_comuna`, `id_region`) VALUES (1107, 1, 'Alto Hospicio', 1);
INSERT INTO `mydb`.`Comuna` (`id_comuna`, `id_pais`, `nombre_comuna`, `id_region`) VALUES (1401, 1, 'Pozo Almonte', 1);
INSERT INTO `mydb`.`Comuna` (`id_comuna`, `id_pais`, `nombre_comuna`, `id_region`) VALUES (1402, 1, 'Camiña', 1);
INSERT INTO `mydb`.`Comuna` (`id_comuna`, `id_pais`, `nombre_comuna`, `id_region`) VALUES (1403, 1, 'Colchane', 1);
INSERT INTO `mydb`.`Comuna` (`id_comuna`, `id_pais`, `nombre_comuna`, `id_region`) VALUES (1404, 1, 'Huara', 1);
INSERT INTO `mydb`.`Comuna` (`id_comuna`, `id_pais`, `nombre_comuna`, `id_region`) VALUES (1405, 1, 'Pica', 1);
INSERT INTO `mydb`.`Comuna` (`id_comuna`, `id_pais`, `nombre_comuna`, `id_region`) VALUES (2101, 1, 'Antofagasta', 2);
INSERT INTO `mydb`.`Comuna` (`id_comuna`, `id_pais`, `nombre_comuna`, `id_region`) VALUES (2102, 1, 'Mejillones', 2);
INSERT INTO `mydb`.`Comuna` (`id_comuna`, `id_pais`, `nombre_comuna`, `id_region`) VALUES (2103, 1, 'Sierra Gorda', 2);
INSERT INTO `mydb`.`Comuna` (`id_comuna`, `id_pais`, `nombre_comuna`, `id_region`) VALUES (2104, 1, 'Taltal', 2);
INSERT INTO `mydb`.`Comuna` (`id_comuna`, `id_pais`, `nombre_comuna`, `id_region`) VALUES (2201, 1, 'Calama', 2);
INSERT INTO `mydb`.`Comuna` (`id_comuna`, `id_pais`, `nombre_comuna`, `id_region`) VALUES (2202, 1, 'Ollagüe', 2);
INSERT INTO `mydb`.`Comuna` (`id_comuna`, `id_pais`, `nombre_comuna`, `id_region`) VALUES (2203, 1, 'San Pedro de Atacama', 2);
INSERT INTO `mydb`.`Comuna` (`id_comuna`, `id_pais`, `nombre_comuna`, `id_region`) VALUES (2301, 1, 'Tocopilla', 2);
INSERT INTO `mydb`.`Comuna` (`id_comuna`, `id_pais`, `nombre_comuna`, `id_region`) VALUES (2302, 1, 'María Elena', 2);
INSERT INTO `mydb`.`Comuna` (`id_comuna`, `id_pais`, `nombre_comuna`, `id_region`) VALUES (3101, 1, 'Copiapó', 3);
INSERT INTO `mydb`.`Comuna` (`id_comuna`, `id_pais`, `nombre_comuna`, `id_region`) VALUES (3102, 1, 'Caldera', 3);
INSERT INTO `mydb`.`Comuna` (`id_comuna`, `id_pais`, `nombre_comuna`, `id_region`) VALUES (3103, 1, 'Tierra Amarilla', 3);
INSERT INTO `mydb`.`Comuna` (`id_comuna`, `id_pais`, `nombre_comuna`, `id_region`) VALUES (3201, 1, 'Chañaral', 3);
INSERT INTO `mydb`.`Comuna` (`id_comuna`, `id_pais`, `nombre_comuna`, `id_region`) VALUES (3202, 1, 'Diego de Almagro', 3);
INSERT INTO `mydb`.`Comuna` (`id_comuna`, `id_pais`, `nombre_comuna`, `id_region`) VALUES (3301, 1, 'Vallenar', 3);
INSERT INTO `mydb`.`Comuna` (`id_comuna`, `id_pais`, `nombre_comuna`, `id_region`) VALUES (3302, 1, 'Alto del Carmen', 3);
INSERT INTO `mydb`.`Comuna` (`id_comuna`, `id_pais`, `nombre_comuna`, `id_region`) VALUES (3303, 1, 'Freirina', 3);
INSERT INTO `mydb`.`Comuna` (`id_comuna`, `id_pais`, `nombre_comuna`, `id_region`) VALUES (3304, 1, 'Huasco', 3);
INSERT INTO `mydb`.`Comuna` (`id_comuna`, `id_pais`, `nombre_comuna`, `id_region`) VALUES (4101, 1, 'La Serena', 4);
INSERT INTO `mydb`.`Comuna` (`id_comuna`, `id_pais`, `nombre_comuna`, `id_region`) VALUES (4102, 1, 'Coquimbo', 4);
INSERT INTO `mydb`.`Comuna` (`id_comuna`, `id_pais`, `nombre_comuna`, `id_region`) VALUES (4103, 1, 'Andacollo', 4);
INSERT INTO `mydb`.`Comuna` (`id_comuna`, `id_pais`, `nombre_comuna`, `id_region`) VALUES (4104, 1, 'La Higuera', 4);
INSERT INTO `mydb`.`Comuna` (`id_comuna`, `id_pais`, `nombre_comuna`, `id_region`) VALUES (4105, 1, 'Paihuano', 4);
INSERT INTO `mydb`.`Comuna` (`id_comuna`, `id_pais`, `nombre_comuna`, `id_region`) VALUES (4106, 1, 'Vicuña', 4);
INSERT INTO `mydb`.`Comuna` (`id_comuna`, `id_pais`, `nombre_comuna`, `id_region`) VALUES (4201, 1, 'Illapel', 4);
INSERT INTO `mydb`.`Comuna` (`id_comuna`, `id_pais`, `nombre_comuna`, `id_region`) VALUES (4202, 1, 'Canela', 4);
INSERT INTO `mydb`.`Comuna` (`id_comuna`, `id_pais`, `nombre_comuna`, `id_region`) VALUES (4203, 1, 'Los Vilos', 4);
INSERT INTO `mydb`.`Comuna` (`id_comuna`, `id_pais`, `nombre_comuna`, `id_region`) VALUES (4204, 1, 'Salamanca', 4);
INSERT INTO `mydb`.`Comuna` (`id_comuna`, `id_pais`, `nombre_comuna`, `id_region`) VALUES (4301, 1, 'Ovalle', 4);
INSERT INTO `mydb`.`Comuna` (`id_comuna`, `id_pais`, `nombre_comuna`, `id_region`) VALUES (4302, 1, 'Combarbalá', 4);
INSERT INTO `mydb`.`Comuna` (`id_comuna`, `id_pais`, `nombre_comuna`, `id_region`) VALUES (4303, 1, 'Monte Patria', 4);
INSERT INTO `mydb`.`Comuna` (`id_comuna`, `id_pais`, `nombre_comuna`, `id_region`) VALUES (4304, 1, 'Punitaqui', 4);
INSERT INTO `mydb`.`Comuna` (`id_comuna`, `id_pais`, `nombre_comuna`, `id_region`) VALUES (4305, 1, 'Río Hurtado', 4);
INSERT INTO `mydb`.`Comuna` (`id_comuna`, `id_pais`, `nombre_comuna`, `id_region`) VALUES (5101, 1, 'Valparaíso', 5);
INSERT INTO `mydb`.`Comuna` (`id_comuna`, `id_pais`, `nombre_comuna`, `id_region`) VALUES (5102, 1, 'Casablanca', 5);
INSERT INTO `mydb`.`Comuna` (`id_comuna`, `id_pais`, `nombre_comuna`, `id_region`) VALUES (5103, 1, 'Concón', 5);
INSERT INTO `mydb`.`Comuna` (`id_comuna`, `id_pais`, `nombre_comuna`, `id_region`) VALUES (5104, 1, 'Juan Fernández', 5);
INSERT INTO `mydb`.`Comuna` (`id_comuna`, `id_pais`, `nombre_comuna`, `id_region`) VALUES (5105, 1, 'Puchuncaví', 5);
INSERT INTO `mydb`.`Comuna` (`id_comuna`, `id_pais`, `nombre_comuna`, `id_region`) VALUES (5107, 1, 'Quintero', 5);
INSERT INTO `mydb`.`Comuna` (`id_comuna`, `id_pais`, `nombre_comuna`, `id_region`) VALUES (5109, 1, 'Viña del Mar', 5);
INSERT INTO `mydb`.`Comuna` (`id_comuna`, `id_pais`, `nombre_comuna`, `id_region`) VALUES (5201, 1, 'Isla de Pascua', 5);
INSERT INTO `mydb`.`Comuna` (`id_comuna`, `id_pais`, `nombre_comuna`, `id_region`) VALUES (5301, 1, 'Los Andes', 5);
INSERT INTO `mydb`.`Comuna` (`id_comuna`, `id_pais`, `nombre_comuna`, `id_region`) VALUES (5302, 1, 'Calle Larga', 5);
INSERT INTO `mydb`.`Comuna` (`id_comuna`, `id_pais`, `nombre_comuna`, `id_region`) VALUES (5303, 1, 'Rinconada', 5);
INSERT INTO `mydb`.`Comuna` (`id_comuna`, `id_pais`, `nombre_comuna`, `id_region`) VALUES (5304, 1, 'San Esteban', 5);
INSERT INTO `mydb`.`Comuna` (`id_comuna`, `id_pais`, `nombre_comuna`, `id_region`) VALUES (5401, 1, 'La Ligua', 5);
INSERT INTO `mydb`.`Comuna` (`id_comuna`, `id_pais`, `nombre_comuna`, `id_region`) VALUES (5402, 1, 'Cabildo', 5);
INSERT INTO `mydb`.`Comuna` (`id_comuna`, `id_pais`, `nombre_comuna`, `id_region`) VALUES (5403, 1, 'Papudo', 5);
INSERT INTO `mydb`.`Comuna` (`id_comuna`, `id_pais`, `nombre_comuna`, `id_region`) VALUES (5404, 1, 'Petorca', 5);
INSERT INTO `mydb`.`Comuna` (`id_comuna`, `id_pais`, `nombre_comuna`, `id_region`) VALUES (5405, 1, 'Zapallar', 5);
INSERT INTO `mydb`.`Comuna` (`id_comuna`, `id_pais`, `nombre_comuna`, `id_region`) VALUES (5501, 1, 'Quillota', 5);
INSERT INTO `mydb`.`Comuna` (`id_comuna`, `id_pais`, `nombre_comuna`, `id_region`) VALUES (5502, 1, 'La Calera', 5);
INSERT INTO `mydb`.`Comuna` (`id_comuna`, `id_pais`, `nombre_comuna`, `id_region`) VALUES (5503, 1, 'Hijuelas', 5);
INSERT INTO `mydb`.`Comuna` (`id_comuna`, `id_pais`, `nombre_comuna`, `id_region`) VALUES (5504, 1, 'La Cruz', 5);
INSERT INTO `mydb`.`Comuna` (`id_comuna`, `id_pais`, `nombre_comuna`, `id_region`) VALUES (5506, 1, 'Nogales', 5);
INSERT INTO `mydb`.`Comuna` (`id_comuna`, `id_pais`, `nombre_comuna`, `id_region`) VALUES (5601, 1, 'San Antonio', 5);
INSERT INTO `mydb`.`Comuna` (`id_comuna`, `id_pais`, `nombre_comuna`, `id_region`) VALUES (5602, 1, 'Algarrobo', 5);
INSERT INTO `mydb`.`Comuna` (`id_comuna`, `id_pais`, `nombre_comuna`, `id_region`) VALUES (5603, 1, 'Cartagena', 5);
INSERT INTO `mydb`.`Comuna` (`id_comuna`, `id_pais`, `nombre_comuna`, `id_region`) VALUES (5604, 1, 'El Quisco', 5);
INSERT INTO `mydb`.`Comuna` (`id_comuna`, `id_pais`, `nombre_comuna`, `id_region`) VALUES (5605, 1, 'El Tabo', 5);
INSERT INTO `mydb`.`Comuna` (`id_comuna`, `id_pais`, `nombre_comuna`, `id_region`) VALUES (5606, 1, 'Santo Domingo', 5);
INSERT INTO `mydb`.`Comuna` (`id_comuna`, `id_pais`, `nombre_comuna`, `id_region`) VALUES (5701, 1, 'San Felipe', 5);
INSERT INTO `mydb`.`Comuna` (`id_comuna`, `id_pais`, `nombre_comuna`, `id_region`) VALUES (5702, 1, 'Catemu', 5);
INSERT INTO `mydb`.`Comuna` (`id_comuna`, `id_pais`, `nombre_comuna`, `id_region`) VALUES (5703, 1, 'Llay Llay', 5);
INSERT INTO `mydb`.`Comuna` (`id_comuna`, `id_pais`, `nombre_comuna`, `id_region`) VALUES (5704, 1, 'Panquehue', 5);
INSERT INTO `mydb`.`Comuna` (`id_comuna`, `id_pais`, `nombre_comuna`, `id_region`) VALUES (5705, 1, 'Putaendo', 5);
INSERT INTO `mydb`.`Comuna` (`id_comuna`, `id_pais`, `nombre_comuna`, `id_region`) VALUES (5706, 1, 'Santa María', 5);
INSERT INTO `mydb`.`Comuna` (`id_comuna`, `id_pais`, `nombre_comuna`, `id_region`) VALUES (5801, 1, 'Quilpué', 5);
INSERT INTO `mydb`.`Comuna` (`id_comuna`, `id_pais`, `nombre_comuna`, `id_region`) VALUES (5802, 1, 'Limache', 5);
INSERT INTO `mydb`.`Comuna` (`id_comuna`, `id_pais`, `nombre_comuna`, `id_region`) VALUES (5803, 1, 'Olmué', 5);
INSERT INTO `mydb`.`Comuna` (`id_comuna`, `id_pais`, `nombre_comuna`, `id_region`) VALUES (5804, 1, 'Villa Alemana', 5);
INSERT INTO `mydb`.`Comuna` (`id_comuna`, `id_pais`, `nombre_comuna`, `id_region`) VALUES (6101, 1, 'Rancagua', 6);
INSERT INTO `mydb`.`Comuna` (`id_comuna`, `id_pais`, `nombre_comuna`, `id_region`) VALUES (6102, 1, 'Codegua', 6);
INSERT INTO `mydb`.`Comuna` (`id_comuna`, `id_pais`, `nombre_comuna`, `id_region`) VALUES (6103, 1, 'Coinco', 6);
INSERT INTO `mydb`.`Comuna` (`id_comuna`, `id_pais`, `nombre_comuna`, `id_region`) VALUES (6104, 1, 'Coltauco', 6);
INSERT INTO `mydb`.`Comuna` (`id_comuna`, `id_pais`, `nombre_comuna`, `id_region`) VALUES (6105, 1, 'Doñiihue', 6);
INSERT INTO `mydb`.`Comuna` (`id_comuna`, `id_pais`, `nombre_comuna`, `id_region`) VALUES (6106, 1, 'Graneros', 6);
INSERT INTO `mydb`.`Comuna` (`id_comuna`, `id_pais`, `nombre_comuna`, `id_region`) VALUES (6107, 1, 'Las Cabras', 6);
INSERT INTO `mydb`.`Comuna` (`id_comuna`, `id_pais`, `nombre_comuna`, `id_region`) VALUES (6108, 1, 'Machalí', 6);
INSERT INTO `mydb`.`Comuna` (`id_comuna`, `id_pais`, `nombre_comuna`, `id_region`) VALUES (6109, 1, 'Malloa', 6);
INSERT INTO `mydb`.`Comuna` (`id_comuna`, `id_pais`, `nombre_comuna`, `id_region`) VALUES (6110, 1, 'Mostazal', 6);
INSERT INTO `mydb`.`Comuna` (`id_comuna`, `id_pais`, `nombre_comuna`, `id_region`) VALUES (6111, 1, 'Olivar', 6);
INSERT INTO `mydb`.`Comuna` (`id_comuna`, `id_pais`, `nombre_comuna`, `id_region`) VALUES (6112, 1, 'Peumo', 6);
INSERT INTO `mydb`.`Comuna` (`id_comuna`, `id_pais`, `nombre_comuna`, `id_region`) VALUES (6113, 1, 'Pichidegua', 6);
INSERT INTO `mydb`.`Comuna` (`id_comuna`, `id_pais`, `nombre_comuna`, `id_region`) VALUES (6114, 1, 'Quinta de Tilcoco', 6);
INSERT INTO `mydb`.`Comuna` (`id_comuna`, `id_pais`, `nombre_comuna`, `id_region`) VALUES (6115, 1, 'Rengo', 6);
INSERT INTO `mydb`.`Comuna` (`id_comuna`, `id_pais`, `nombre_comuna`, `id_region`) VALUES (6116, 1, 'Requínoa', 6);
INSERT INTO `mydb`.`Comuna` (`id_comuna`, `id_pais`, `nombre_comuna`, `id_region`) VALUES (6117, 1, 'San Vicente', 6);
INSERT INTO `mydb`.`Comuna` (`id_comuna`, `id_pais`, `nombre_comuna`, `id_region`) VALUES (6201, 1, 'Pichilemu', 6);
INSERT INTO `mydb`.`Comuna` (`id_comuna`, `id_pais`, `nombre_comuna`, `id_region`) VALUES (6202, 1, 'La Estrella', 6);
INSERT INTO `mydb`.`Comuna` (`id_comuna`, `id_pais`, `nombre_comuna`, `id_region`) VALUES (6203, 1, 'Litueche', 6);
INSERT INTO `mydb`.`Comuna` (`id_comuna`, `id_pais`, `nombre_comuna`, `id_region`) VALUES (6204, 1, 'Marchihue', 6);
INSERT INTO `mydb`.`Comuna` (`id_comuna`, `id_pais`, `nombre_comuna`, `id_region`) VALUES (6205, 1, 'Navidad', 6);
INSERT INTO `mydb`.`Comuna` (`id_comuna`, `id_pais`, `nombre_comuna`, `id_region`) VALUES (6206, 1, 'Paredones', 6);
INSERT INTO `mydb`.`Comuna` (`id_comuna`, `id_pais`, `nombre_comuna`, `id_region`) VALUES (6301, 1, 'San Fernando', 6);
INSERT INTO `mydb`.`Comuna` (`id_comuna`, `id_pais`, `nombre_comuna`, `id_region`) VALUES (6302, 1, 'Chépica', 6);
INSERT INTO `mydb`.`Comuna` (`id_comuna`, `id_pais`, `nombre_comuna`, `id_region`) VALUES (6303, 1, 'Chimbarongo', 6);
INSERT INTO `mydb`.`Comuna` (`id_comuna`, `id_pais`, `nombre_comuna`, `id_region`) VALUES (6304, 1, 'Lolol', 6);
INSERT INTO `mydb`.`Comuna` (`id_comuna`, `id_pais`, `nombre_comuna`, `id_region`) VALUES (6305, 1, 'Nancagua', 6);
INSERT INTO `mydb`.`Comuna` (`id_comuna`, `id_pais`, `nombre_comuna`, `id_region`) VALUES (6306, 1, 'Palmilla', 6);
INSERT INTO `mydb`.`Comuna` (`id_comuna`, `id_pais`, `nombre_comuna`, `id_region`) VALUES (6307, 1, 'Peralillo', 6);
INSERT INTO `mydb`.`Comuna` (`id_comuna`, `id_pais`, `nombre_comuna`, `id_region`) VALUES (6308, 1, 'Placilla', 6);
INSERT INTO `mydb`.`Comuna` (`id_comuna`, `id_pais`, `nombre_comuna`, `id_region`) VALUES (6309, 1, 'Pumanque', 6);
INSERT INTO `mydb`.`Comuna` (`id_comuna`, `id_pais`, `nombre_comuna`, `id_region`) VALUES (6310, 1, 'Santa Cruz', 6);
INSERT INTO `mydb`.`Comuna` (`id_comuna`, `id_pais`, `nombre_comuna`, `id_region`) VALUES (7101, 1, 'Talca', 7);
INSERT INTO `mydb`.`Comuna` (`id_comuna`, `id_pais`, `nombre_comuna`, `id_region`) VALUES (7102, 1, 'Constitución', 7);
INSERT INTO `mydb`.`Comuna` (`id_comuna`, `id_pais`, `nombre_comuna`, `id_region`) VALUES (7103, 1, 'Curepto', 7);
INSERT INTO `mydb`.`Comuna` (`id_comuna`, `id_pais`, `nombre_comuna`, `id_region`) VALUES (7104, 1, 'Empedrado', 7);
INSERT INTO `mydb`.`Comuna` (`id_comuna`, `id_pais`, `nombre_comuna`, `id_region`) VALUES (7105, 1, 'Maule', 7);
INSERT INTO `mydb`.`Comuna` (`id_comuna`, `id_pais`, `nombre_comuna`, `id_region`) VALUES (7106, 1, 'Pelarco', 7);
INSERT INTO `mydb`.`Comuna` (`id_comuna`, `id_pais`, `nombre_comuna`, `id_region`) VALUES (7107, 1, 'Pencahue', 7);
INSERT INTO `mydb`.`Comuna` (`id_comuna`, `id_pais`, `nombre_comuna`, `id_region`) VALUES (7108, 1, 'Río Claro', 7);
INSERT INTO `mydb`.`Comuna` (`id_comuna`, `id_pais`, `nombre_comuna`, `id_region`) VALUES (7109, 1, 'San Clemente', 7);
INSERT INTO `mydb`.`Comuna` (`id_comuna`, `id_pais`, `nombre_comuna`, `id_region`) VALUES (7110, 1, 'San Rafael', 7);
INSERT INTO `mydb`.`Comuna` (`id_comuna`, `id_pais`, `nombre_comuna`, `id_region`) VALUES (7201, 1, 'Cauquenes', 7);
INSERT INTO `mydb`.`Comuna` (`id_comuna`, `id_pais`, `nombre_comuna`, `id_region`) VALUES (7202, 1, 'Chanco', 7);
INSERT INTO `mydb`.`Comuna` (`id_comuna`, `id_pais`, `nombre_comuna`, `id_region`) VALUES (7203, 1, 'Pelluhue', 7);
INSERT INTO `mydb`.`Comuna` (`id_comuna`, `id_pais`, `nombre_comuna`, `id_region`) VALUES (7301, 1, 'Curicó', 7);
INSERT INTO `mydb`.`Comuna` (`id_comuna`, `id_pais`, `nombre_comuna`, `id_region`) VALUES (7302, 1, 'Hualañé', 7);
INSERT INTO `mydb`.`Comuna` (`id_comuna`, `id_pais`, `nombre_comuna`, `id_region`) VALUES (7303, 1, 'Licantén', 7);
INSERT INTO `mydb`.`Comuna` (`id_comuna`, `id_pais`, `nombre_comuna`, `id_region`) VALUES (7304, 1, 'Molina', 7);
INSERT INTO `mydb`.`Comuna` (`id_comuna`, `id_pais`, `nombre_comuna`, `id_region`) VALUES (7305, 1, 'Rauco', 7);
INSERT INTO `mydb`.`Comuna` (`id_comuna`, `id_pais`, `nombre_comuna`, `id_region`) VALUES (7306, 1, 'Romeral', 7);
INSERT INTO `mydb`.`Comuna` (`id_comuna`, `id_pais`, `nombre_comuna`, `id_region`) VALUES (7307, 1, 'Sagrada Familia', 7);
INSERT INTO `mydb`.`Comuna` (`id_comuna`, `id_pais`, `nombre_comuna`, `id_region`) VALUES (7308, 1, 'Teno', 7);
INSERT INTO `mydb`.`Comuna` (`id_comuna`, `id_pais`, `nombre_comuna`, `id_region`) VALUES (7309, 1, 'Vichuquén', 7);
INSERT INTO `mydb`.`Comuna` (`id_comuna`, `id_pais`, `nombre_comuna`, `id_region`) VALUES (7401, 1, 'Linares', 7);
INSERT INTO `mydb`.`Comuna` (`id_comuna`, `id_pais`, `nombre_comuna`, `id_region`) VALUES (7402, 1, 'Colbún', 7);
INSERT INTO `mydb`.`Comuna` (`id_comuna`, `id_pais`, `nombre_comuna`, `id_region`) VALUES (7403, 1, 'Longaví', 7);
INSERT INTO `mydb`.`Comuna` (`id_comuna`, `id_pais`, `nombre_comuna`, `id_region`) VALUES (7404, 1, 'Parral', 7);
INSERT INTO `mydb`.`Comuna` (`id_comuna`, `id_pais`, `nombre_comuna`, `id_region`) VALUES (7405, 1, 'Retiro', 7);
INSERT INTO `mydb`.`Comuna` (`id_comuna`, `id_pais`, `nombre_comuna`, `id_region`) VALUES (7406, 1, 'San Javier', 7);
INSERT INTO `mydb`.`Comuna` (`id_comuna`, `id_pais`, `nombre_comuna`, `id_region`) VALUES (7407, 1, 'Villa Alegre', 7);
INSERT INTO `mydb`.`Comuna` (`id_comuna`, `id_pais`, `nombre_comuna`, `id_region`) VALUES (7408, 1, 'Yerbas Buenas', 7);
INSERT INTO `mydb`.`Comuna` (`id_comuna`, `id_pais`, `nombre_comuna`, `id_region`) VALUES (8101, 1, 'Concepción', 8);
INSERT INTO `mydb`.`Comuna` (`id_comuna`, `id_pais`, `nombre_comuna`, `id_region`) VALUES (8102, 1, 'Coronel', 8);
INSERT INTO `mydb`.`Comuna` (`id_comuna`, `id_pais`, `nombre_comuna`, `id_region`) VALUES (8103, 1, 'Chiguayante', 8);
INSERT INTO `mydb`.`Comuna` (`id_comuna`, `id_pais`, `nombre_comuna`, `id_region`) VALUES (8104, 1, 'Florida', 8);
INSERT INTO `mydb`.`Comuna` (`id_comuna`, `id_pais`, `nombre_comuna`, `id_region`) VALUES (8105, 1, 'Hualqui', 8);
INSERT INTO `mydb`.`Comuna` (`id_comuna`, `id_pais`, `nombre_comuna`, `id_region`) VALUES (8106, 1, 'Lota', 8);
INSERT INTO `mydb`.`Comuna` (`id_comuna`, `id_pais`, `nombre_comuna`, `id_region`) VALUES (8107, 1, 'Penco', 8);
INSERT INTO `mydb`.`Comuna` (`id_comuna`, `id_pais`, `nombre_comuna`, `id_region`) VALUES (8108, 1, 'San Pedro de la Paz', 8);
INSERT INTO `mydb`.`Comuna` (`id_comuna`, `id_pais`, `nombre_comuna`, `id_region`) VALUES (8109, 1, 'Santa Juana', 8);
INSERT INTO `mydb`.`Comuna` (`id_comuna`, `id_pais`, `nombre_comuna`, `id_region`) VALUES (8110, 1, 'Talcahuano', 8);
INSERT INTO `mydb`.`Comuna` (`id_comuna`, `id_pais`, `nombre_comuna`, `id_region`) VALUES (8111, 1, 'Tomé', 8);
INSERT INTO `mydb`.`Comuna` (`id_comuna`, `id_pais`, `nombre_comuna`, `id_region`) VALUES (8112, 1, 'Hualpén', 8);
INSERT INTO `mydb`.`Comuna` (`id_comuna`, `id_pais`, `nombre_comuna`, `id_region`) VALUES (8201, 1, 'Lebu', 8);
INSERT INTO `mydb`.`Comuna` (`id_comuna`, `id_pais`, `nombre_comuna`, `id_region`) VALUES (8202, 1, 'Arauco', 8);
INSERT INTO `mydb`.`Comuna` (`id_comuna`, `id_pais`, `nombre_comuna`, `id_region`) VALUES (8203, 1, 'Cañete', 8);
INSERT INTO `mydb`.`Comuna` (`id_comuna`, `id_pais`, `nombre_comuna`, `id_region`) VALUES (8204, 1, 'Contulmo', 8);
INSERT INTO `mydb`.`Comuna` (`id_comuna`, `id_pais`, `nombre_comuna`, `id_region`) VALUES (8205, 1, 'Curanilahue', 8);
INSERT INTO `mydb`.`Comuna` (`id_comuna`, `id_pais`, `nombre_comuna`, `id_region`) VALUES (8206, 1, 'Los Álamos', 8);
INSERT INTO `mydb`.`Comuna` (`id_comuna`, `id_pais`, `nombre_comuna`, `id_region`) VALUES (8207, 1, 'Tirúa', 8);
INSERT INTO `mydb`.`Comuna` (`id_comuna`, `id_pais`, `nombre_comuna`, `id_region`) VALUES (8301, 1, 'Los Ángeles', 8);
INSERT INTO `mydb`.`Comuna` (`id_comuna`, `id_pais`, `nombre_comuna`, `id_region`) VALUES (8302, 1, 'Antuco', 8);
INSERT INTO `mydb`.`Comuna` (`id_comuna`, `id_pais`, `nombre_comuna`, `id_region`) VALUES (8303, 1, 'Cabrero', 8);
INSERT INTO `mydb`.`Comuna` (`id_comuna`, `id_pais`, `nombre_comuna`, `id_region`) VALUES (8304, 1, 'Laja', 8);
INSERT INTO `mydb`.`Comuna` (`id_comuna`, `id_pais`, `nombre_comuna`, `id_region`) VALUES (8305, 1, 'MulchÉn', 8);
INSERT INTO `mydb`.`Comuna` (`id_comuna`, `id_pais`, `nombre_comuna`, `id_region`) VALUES (8306, 1, 'Nacimiento', 8);
INSERT INTO `mydb`.`Comuna` (`id_comuna`, `id_pais`, `nombre_comuna`, `id_region`) VALUES (8307, 1, 'Negrete', 8);
INSERT INTO `mydb`.`Comuna` (`id_comuna`, `id_pais`, `nombre_comuna`, `id_region`) VALUES (8308, 1, 'Quilaco', 8);
INSERT INTO `mydb`.`Comuna` (`id_comuna`, `id_pais`, `nombre_comuna`, `id_region`) VALUES (8309, 1, 'Quilleco', 8);
INSERT INTO `mydb`.`Comuna` (`id_comuna`, `id_pais`, `nombre_comuna`, `id_region`) VALUES (8310, 1, 'San Rosendo', 8);
INSERT INTO `mydb`.`Comuna` (`id_comuna`, `id_pais`, `nombre_comuna`, `id_region`) VALUES (8311, 1, 'Santa Bárbara', 8);
INSERT INTO `mydb`.`Comuna` (`id_comuna`, `id_pais`, `nombre_comuna`, `id_region`) VALUES (8312, 1, 'Tucapel', 8);
INSERT INTO `mydb`.`Comuna` (`id_comuna`, `id_pais`, `nombre_comuna`, `id_region`) VALUES (8313, 1, 'Yumbel', 8);
INSERT INTO `mydb`.`Comuna` (`id_comuna`, `id_pais`, `nombre_comuna`, `id_region`) VALUES (8314, 1, 'Alto Biobío', 8);
INSERT INTO `mydb`.`Comuna` (`id_comuna`, `id_pais`, `nombre_comuna`, `id_region`) VALUES (8401, 1, 'Chillán', 8);
INSERT INTO `mydb`.`Comuna` (`id_comuna`, `id_pais`, `nombre_comuna`, `id_region`) VALUES (8402, 1, 'Bulnes', 8);
INSERT INTO `mydb`.`Comuna` (`id_comuna`, `id_pais`, `nombre_comuna`, `id_region`) VALUES (8403, 1, 'Cobquecura', 8);
INSERT INTO `mydb`.`Comuna` (`id_comuna`, `id_pais`, `nombre_comuna`, `id_region`) VALUES (8404, 1, 'Coelemu', 8);
INSERT INTO `mydb`.`Comuna` (`id_comuna`, `id_pais`, `nombre_comuna`, `id_region`) VALUES (8405, 1, 'Coihueco', 8);
INSERT INTO `mydb`.`Comuna` (`id_comuna`, `id_pais`, `nombre_comuna`, `id_region`) VALUES (8406, 1, 'Chillán Viejo', 8);
INSERT INTO `mydb`.`Comuna` (`id_comuna`, `id_pais`, `nombre_comuna`, `id_region`) VALUES (8407, 1, 'El Carmen', 8);
INSERT INTO `mydb`.`Comuna` (`id_comuna`, `id_pais`, `nombre_comuna`, `id_region`) VALUES (8408, 1, 'Ninhue', 8);
INSERT INTO `mydb`.`Comuna` (`id_comuna`, `id_pais`, `nombre_comuna`, `id_region`) VALUES (8409, 1, 'Ñiquén', 8);
INSERT INTO `mydb`.`Comuna` (`id_comuna`, `id_pais`, `nombre_comuna`, `id_region`) VALUES (8410, 1, 'Pemuco', 8);
INSERT INTO `mydb`.`Comuna` (`id_comuna`, `id_pais`, `nombre_comuna`, `id_region`) VALUES (8411, 1, 'Pinto', 8);
INSERT INTO `mydb`.`Comuna` (`id_comuna`, `id_pais`, `nombre_comuna`, `id_region`) VALUES (8412, 1, 'Portezuelo', 8);
INSERT INTO `mydb`.`Comuna` (`id_comuna`, `id_pais`, `nombre_comuna`, `id_region`) VALUES (8413, 1, 'Quillón', 8);
INSERT INTO `mydb`.`Comuna` (`id_comuna`, `id_pais`, `nombre_comuna`, `id_region`) VALUES (8414, 1, 'Quirihue', 8);
INSERT INTO `mydb`.`Comuna` (`id_comuna`, `id_pais`, `nombre_comuna`, `id_region`) VALUES (8415, 1, 'Ránquil', 8);
INSERT INTO `mydb`.`Comuna` (`id_comuna`, `id_pais`, `nombre_comuna`, `id_region`) VALUES (8416, 1, 'San Carlos', 8);
INSERT INTO `mydb`.`Comuna` (`id_comuna`, `id_pais`, `nombre_comuna`, `id_region`) VALUES (8417, 1, 'San Fabián', 8);
INSERT INTO `mydb`.`Comuna` (`id_comuna`, `id_pais`, `nombre_comuna`, `id_region`) VALUES (8418, 1, 'San Ignacio', 8);
INSERT INTO `mydb`.`Comuna` (`id_comuna`, `id_pais`, `nombre_comuna`, `id_region`) VALUES (8419, 1, 'San Nicolás', 8);
INSERT INTO `mydb`.`Comuna` (`id_comuna`, `id_pais`, `nombre_comuna`, `id_region`) VALUES (8420, 1, 'Treguaco', 8);
INSERT INTO `mydb`.`Comuna` (`id_comuna`, `id_pais`, `nombre_comuna`, `id_region`) VALUES (8421, 1, 'Yungay', 8);
INSERT INTO `mydb`.`Comuna` (`id_comuna`, `id_pais`, `nombre_comuna`, `id_region`) VALUES (9101, 1, 'Temuco', 9);
INSERT INTO `mydb`.`Comuna` (`id_comuna`, `id_pais`, `nombre_comuna`, `id_region`) VALUES (9102, 1, 'Carahue', 9);
INSERT INTO `mydb`.`Comuna` (`id_comuna`, `id_pais`, `nombre_comuna`, `id_region`) VALUES (9103, 1, 'Cunco', 9);
INSERT INTO `mydb`.`Comuna` (`id_comuna`, `id_pais`, `nombre_comuna`, `id_region`) VALUES (9104, 1, 'Curarrehue', 9);
INSERT INTO `mydb`.`Comuna` (`id_comuna`, `id_pais`, `nombre_comuna`, `id_region`) VALUES (9105, 1, 'Freire', 9);
INSERT INTO `mydb`.`Comuna` (`id_comuna`, `id_pais`, `nombre_comuna`, `id_region`) VALUES (9106, 1, 'Galvarino', 9);
INSERT INTO `mydb`.`Comuna` (`id_comuna`, `id_pais`, `nombre_comuna`, `id_region`) VALUES (9107, 1, 'Gorbea', 9);
INSERT INTO `mydb`.`Comuna` (`id_comuna`, `id_pais`, `nombre_comuna`, `id_region`) VALUES (9108, 1, 'Lautaro', 9);
INSERT INTO `mydb`.`Comuna` (`id_comuna`, `id_pais`, `nombre_comuna`, `id_region`) VALUES (9109, 1, 'Loncoche', 9);
INSERT INTO `mydb`.`Comuna` (`id_comuna`, `id_pais`, `nombre_comuna`, `id_region`) VALUES (9110, 1, 'Melipeuco', 9);
INSERT INTO `mydb`.`Comuna` (`id_comuna`, `id_pais`, `nombre_comuna`, `id_region`) VALUES (9111, 1, 'Nueva Imperial', 9);
INSERT INTO `mydb`.`Comuna` (`id_comuna`, `id_pais`, `nombre_comuna`, `id_region`) VALUES (9112, 1, 'Padre las Casas', 9);
INSERT INTO `mydb`.`Comuna` (`id_comuna`, `id_pais`, `nombre_comuna`, `id_region`) VALUES (9113, 1, 'Perquenco', 9);
INSERT INTO `mydb`.`Comuna` (`id_comuna`, `id_pais`, `nombre_comuna`, `id_region`) VALUES (9114, 1, 'Pitrufquén', 9);
INSERT INTO `mydb`.`Comuna` (`id_comuna`, `id_pais`, `nombre_comuna`, `id_region`) VALUES (9115, 1, 'Pucón', 9);
INSERT INTO `mydb`.`Comuna` (`id_comuna`, `id_pais`, `nombre_comuna`, `id_region`) VALUES (9116, 1, 'Saavedra', 9);
INSERT INTO `mydb`.`Comuna` (`id_comuna`, `id_pais`, `nombre_comuna`, `id_region`) VALUES (9117, 1, 'Teodoro Schmidt', 9);
INSERT INTO `mydb`.`Comuna` (`id_comuna`, `id_pais`, `nombre_comuna`, `id_region`) VALUES (9118, 1, 'Toltén', 9);
INSERT INTO `mydb`.`Comuna` (`id_comuna`, `id_pais`, `nombre_comuna`, `id_region`) VALUES (9119, 1, 'Vilcún', 9);
INSERT INTO `mydb`.`Comuna` (`id_comuna`, `id_pais`, `nombre_comuna`, `id_region`) VALUES (9120, 1, 'Villarrica', 9);
INSERT INTO `mydb`.`Comuna` (`id_comuna`, `id_pais`, `nombre_comuna`, `id_region`) VALUES (9121, 1, 'Cholchol', 9);
INSERT INTO `mydb`.`Comuna` (`id_comuna`, `id_pais`, `nombre_comuna`, `id_region`) VALUES (9201, 1, 'Angol', 9);
INSERT INTO `mydb`.`Comuna` (`id_comuna`, `id_pais`, `nombre_comuna`, `id_region`) VALUES (9202, 1, 'Collipulli', 9);
INSERT INTO `mydb`.`Comuna` (`id_comuna`, `id_pais`, `nombre_comuna`, `id_region`) VALUES (9203, 1, 'Curacautín', 9);
INSERT INTO `mydb`.`Comuna` (`id_comuna`, `id_pais`, `nombre_comuna`, `id_region`) VALUES (9204, 1, 'Ercilla', 9);
INSERT INTO `mydb`.`Comuna` (`id_comuna`, `id_pais`, `nombre_comuna`, `id_region`) VALUES (9205, 1, 'Lonquimay', 9);
INSERT INTO `mydb`.`Comuna` (`id_comuna`, `id_pais`, `nombre_comuna`, `id_region`) VALUES (9206, 1, 'Los Sauces', 9);
INSERT INTO `mydb`.`Comuna` (`id_comuna`, `id_pais`, `nombre_comuna`, `id_region`) VALUES (9207, 1, 'Lumaco', 9);
INSERT INTO `mydb`.`Comuna` (`id_comuna`, `id_pais`, `nombre_comuna`, `id_region`) VALUES (9208, 1, 'Purén', 9);
INSERT INTO `mydb`.`Comuna` (`id_comuna`, `id_pais`, `nombre_comuna`, `id_region`) VALUES (9209, 1, 'Renaico', 9);
INSERT INTO `mydb`.`Comuna` (`id_comuna`, `id_pais`, `nombre_comuna`, `id_region`) VALUES (9210, 1, 'Traiguén', 9);
INSERT INTO `mydb`.`Comuna` (`id_comuna`, `id_pais`, `nombre_comuna`, `id_region`) VALUES (9211, 1, 'Victoria', 9);
INSERT INTO `mydb`.`Comuna` (`id_comuna`, `id_pais`, `nombre_comuna`, `id_region`) VALUES (10101, 1, 'Puerto Montt', 10);
INSERT INTO `mydb`.`Comuna` (`id_comuna`, `id_pais`, `nombre_comuna`, `id_region`) VALUES (10102, 1, 'Calbuco', 10);
INSERT INTO `mydb`.`Comuna` (`id_comuna`, `id_pais`, `nombre_comuna`, `id_region`) VALUES (10103, 1, 'Cochamó', 10);
INSERT INTO `mydb`.`Comuna` (`id_comuna`, `id_pais`, `nombre_comuna`, `id_region`) VALUES (10104, 1, 'Fresia', 10);
INSERT INTO `mydb`.`Comuna` (`id_comuna`, `id_pais`, `nombre_comuna`, `id_region`) VALUES (10105, 1, 'Frutillar', 10);
INSERT INTO `mydb`.`Comuna` (`id_comuna`, `id_pais`, `nombre_comuna`, `id_region`) VALUES (10106, 1, 'Los Muermos', 10);
INSERT INTO `mydb`.`Comuna` (`id_comuna`, `id_pais`, `nombre_comuna`, `id_region`) VALUES (10107, 1, 'Llanquihue', 10);
INSERT INTO `mydb`.`Comuna` (`id_comuna`, `id_pais`, `nombre_comuna`, `id_region`) VALUES (10108, 1, 'Maullín', 10);
INSERT INTO `mydb`.`Comuna` (`id_comuna`, `id_pais`, `nombre_comuna`, `id_region`) VALUES (10109, 1, 'Puerto Varas', 10);
INSERT INTO `mydb`.`Comuna` (`id_comuna`, `id_pais`, `nombre_comuna`, `id_region`) VALUES (10201, 1, 'Castro', 10);
INSERT INTO `mydb`.`Comuna` (`id_comuna`, `id_pais`, `nombre_comuna`, `id_region`) VALUES (10202, 1, 'Ancud', 10);
INSERT INTO `mydb`.`Comuna` (`id_comuna`, `id_pais`, `nombre_comuna`, `id_region`) VALUES (10203, 1, 'Chonchi', 10);
INSERT INTO `mydb`.`Comuna` (`id_comuna`, `id_pais`, `nombre_comuna`, `id_region`) VALUES (10204, 1, 'Curaco de Vélez', 10);
INSERT INTO `mydb`.`Comuna` (`id_comuna`, `id_pais`, `nombre_comuna`, `id_region`) VALUES (10205, 1, 'Dalcahue', 10);
INSERT INTO `mydb`.`Comuna` (`id_comuna`, `id_pais`, `nombre_comuna`, `id_region`) VALUES (10206, 1, 'Puqueldón', 10);
INSERT INTO `mydb`.`Comuna` (`id_comuna`, `id_pais`, `nombre_comuna`, `id_region`) VALUES (10207, 1, 'Queilén', 10);
INSERT INTO `mydb`.`Comuna` (`id_comuna`, `id_pais`, `nombre_comuna`, `id_region`) VALUES (10208, 1, 'Quellón', 10);
INSERT INTO `mydb`.`Comuna` (`id_comuna`, `id_pais`, `nombre_comuna`, `id_region`) VALUES (10209, 1, 'Quemchi', 10);
INSERT INTO `mydb`.`Comuna` (`id_comuna`, `id_pais`, `nombre_comuna`, `id_region`) VALUES (10210, 1, 'Quinchao', 10);
INSERT INTO `mydb`.`Comuna` (`id_comuna`, `id_pais`, `nombre_comuna`, `id_region`) VALUES (10301, 1, 'Osorno', 10);
INSERT INTO `mydb`.`Comuna` (`id_comuna`, `id_pais`, `nombre_comuna`, `id_region`) VALUES (10302, 1, 'Puerto Octay', 10);
INSERT INTO `mydb`.`Comuna` (`id_comuna`, `id_pais`, `nombre_comuna`, `id_region`) VALUES (10303, 1, 'Purranque', 10);
INSERT INTO `mydb`.`Comuna` (`id_comuna`, `id_pais`, `nombre_comuna`, `id_region`) VALUES (10304, 1, 'Puyehue', 10);
INSERT INTO `mydb`.`Comuna` (`id_comuna`, `id_pais`, `nombre_comuna`, `id_region`) VALUES (10305, 1, 'Río Negro', 10);
INSERT INTO `mydb`.`Comuna` (`id_comuna`, `id_pais`, `nombre_comuna`, `id_region`) VALUES (10306, 1, 'San Juan de la Costa', 10);
INSERT INTO `mydb`.`Comuna` (`id_comuna`, `id_pais`, `nombre_comuna`, `id_region`) VALUES (10307, 1, 'San Pablo', 10);
INSERT INTO `mydb`.`Comuna` (`id_comuna`, `id_pais`, `nombre_comuna`, `id_region`) VALUES (10401, 1, 'Chaitén', 10);
INSERT INTO `mydb`.`Comuna` (`id_comuna`, `id_pais`, `nombre_comuna`, `id_region`) VALUES (10402, 1, 'Futaleufú', 10);
INSERT INTO `mydb`.`Comuna` (`id_comuna`, `id_pais`, `nombre_comuna`, `id_region`) VALUES (10403, 1, 'Hualaihué', 10);
INSERT INTO `mydb`.`Comuna` (`id_comuna`, `id_pais`, `nombre_comuna`, `id_region`) VALUES (10404, 1, 'Palena', 10);
INSERT INTO `mydb`.`Comuna` (`id_comuna`, `id_pais`, `nombre_comuna`, `id_region`) VALUES (11101, 1, 'Coyhaique', 11);
INSERT INTO `mydb`.`Comuna` (`id_comuna`, `id_pais`, `nombre_comuna`, `id_region`) VALUES (11102, 1, 'Lago Verde', 11);
INSERT INTO `mydb`.`Comuna` (`id_comuna`, `id_pais`, `nombre_comuna`, `id_region`) VALUES (11201, 1, 'Aysén', 11);
INSERT INTO `mydb`.`Comuna` (`id_comuna`, `id_pais`, `nombre_comuna`, `id_region`) VALUES (11202, 1, 'Cisnes', 11);
INSERT INTO `mydb`.`Comuna` (`id_comuna`, `id_pais`, `nombre_comuna`, `id_region`) VALUES (11203, 1, 'Guaitecas', 11);
INSERT INTO `mydb`.`Comuna` (`id_comuna`, `id_pais`, `nombre_comuna`, `id_region`) VALUES (11301, 1, 'Cochrane', 11);
INSERT INTO `mydb`.`Comuna` (`id_comuna`, `id_pais`, `nombre_comuna`, `id_region`) VALUES (11302, 1, 'O\'Higgins', 11);
INSERT INTO `mydb`.`Comuna` (`id_comuna`, `id_pais`, `nombre_comuna`, `id_region`) VALUES (11303, 1, 'Tortel', 11);
INSERT INTO `mydb`.`Comuna` (`id_comuna`, `id_pais`, `nombre_comuna`, `id_region`) VALUES (11401, 1, 'Chile Chico', 11);
INSERT INTO `mydb`.`Comuna` (`id_comuna`, `id_pais`, `nombre_comuna`, `id_region`) VALUES (11402, 1, 'Río Ibáñez', 11);
INSERT INTO `mydb`.`Comuna` (`id_comuna`, `id_pais`, `nombre_comuna`, `id_region`) VALUES (12101, 1, 'Punta Arenas', 12);
INSERT INTO `mydb`.`Comuna` (`id_comuna`, `id_pais`, `nombre_comuna`, `id_region`) VALUES (12102, 1, 'Laguna Blanca', 12);
INSERT INTO `mydb`.`Comuna` (`id_comuna`, `id_pais`, `nombre_comuna`, `id_region`) VALUES (12103, 1, 'Río Verde', 12);
INSERT INTO `mydb`.`Comuna` (`id_comuna`, `id_pais`, `nombre_comuna`, `id_region`) VALUES (12104, 1, 'San Gregorio', 12);
INSERT INTO `mydb`.`Comuna` (`id_comuna`, `id_pais`, `nombre_comuna`, `id_region`) VALUES (12201, 1, 'Cabo de Hornos', 12);
INSERT INTO `mydb`.`Comuna` (`id_comuna`, `id_pais`, `nombre_comuna`, `id_region`) VALUES (12202, 1, 'Antártica', 12);
INSERT INTO `mydb`.`Comuna` (`id_comuna`, `id_pais`, `nombre_comuna`, `id_region`) VALUES (12301, 1, 'Porvenir', 12);
INSERT INTO `mydb`.`Comuna` (`id_comuna`, `id_pais`, `nombre_comuna`, `id_region`) VALUES (12302, 1, 'Primavera', 12);
INSERT INTO `mydb`.`Comuna` (`id_comuna`, `id_pais`, `nombre_comuna`, `id_region`) VALUES (12303, 1, 'Timaukel', 12);
INSERT INTO `mydb`.`Comuna` (`id_comuna`, `id_pais`, `nombre_comuna`, `id_region`) VALUES (12401, 1, 'Natales', 12);
INSERT INTO `mydb`.`Comuna` (`id_comuna`, `id_pais`, `nombre_comuna`, `id_region`) VALUES (12402, 1, 'Torres del Paine', 12);
INSERT INTO `mydb`.`Comuna` (`id_comuna`, `id_pais`, `nombre_comuna`, `id_region`) VALUES (13101, 1, 'Santiago', 13);
INSERT INTO `mydb`.`Comuna` (`id_comuna`, `id_pais`, `nombre_comuna`, `id_region`) VALUES (13102, 1, 'Cerrillos', 13);
INSERT INTO `mydb`.`Comuna` (`id_comuna`, `id_pais`, `nombre_comuna`, `id_region`) VALUES (13103, 1, 'Cerro Navia', 13);
INSERT INTO `mydb`.`Comuna` (`id_comuna`, `id_pais`, `nombre_comuna`, `id_region`) VALUES (13104, 1, 'Conchaí', 13);
INSERT INTO `mydb`.`Comuna` (`id_comuna`, `id_pais`, `nombre_comuna`, `id_region`) VALUES (13105, 1, 'El Bosque', 13);
INSERT INTO `mydb`.`Comuna` (`id_comuna`, `id_pais`, `nombre_comuna`, `id_region`) VALUES (13106, 1, 'Estación Central', 13);
INSERT INTO `mydb`.`Comuna` (`id_comuna`, `id_pais`, `nombre_comuna`, `id_region`) VALUES (13107, 1, 'Huechuraba', 13);
INSERT INTO `mydb`.`Comuna` (`id_comuna`, `id_pais`, `nombre_comuna`, `id_region`) VALUES (13108, 1, 'Independencia', 13);
INSERT INTO `mydb`.`Comuna` (`id_comuna`, `id_pais`, `nombre_comuna`, `id_region`) VALUES (13109, 1, 'La Cisterna', 13);
INSERT INTO `mydb`.`Comuna` (`id_comuna`, `id_pais`, `nombre_comuna`, `id_region`) VALUES (13110, 1, 'La Florida', 13);
INSERT INTO `mydb`.`Comuna` (`id_comuna`, `id_pais`, `nombre_comuna`, `id_region`) VALUES (13111, 1, 'La Granja', 13);
INSERT INTO `mydb`.`Comuna` (`id_comuna`, `id_pais`, `nombre_comuna`, `id_region`) VALUES (13112, 1, 'La Pintana', 13);
INSERT INTO `mydb`.`Comuna` (`id_comuna`, `id_pais`, `nombre_comuna`, `id_region`) VALUES (13113, 1, 'La Reina', 13);
INSERT INTO `mydb`.`Comuna` (`id_comuna`, `id_pais`, `nombre_comuna`, `id_region`) VALUES (13114, 1, 'Las Condes', 13);
INSERT INTO `mydb`.`Comuna` (`id_comuna`, `id_pais`, `nombre_comuna`, `id_region`) VALUES (13115, 1, 'Lo Barnechea', 13);
INSERT INTO `mydb`.`Comuna` (`id_comuna`, `id_pais`, `nombre_comuna`, `id_region`) VALUES (13116, 1, 'Lo Espejo', 13);
INSERT INTO `mydb`.`Comuna` (`id_comuna`, `id_pais`, `nombre_comuna`, `id_region`) VALUES (13117, 1, 'Lo Prado', 13);
INSERT INTO `mydb`.`Comuna` (`id_comuna`, `id_pais`, `nombre_comuna`, `id_region`) VALUES (13118, 1, 'Macul', 13);
INSERT INTO `mydb`.`Comuna` (`id_comuna`, `id_pais`, `nombre_comuna`, `id_region`) VALUES (13119, 1, 'Maipú', 13);
INSERT INTO `mydb`.`Comuna` (`id_comuna`, `id_pais`, `nombre_comuna`, `id_region`) VALUES (13120, 1, 'Ñuñoa', 13);
INSERT INTO `mydb`.`Comuna` (`id_comuna`, `id_pais`, `nombre_comuna`, `id_region`) VALUES (13121, 1, 'Pedro Aguirre Cerda', 13);
INSERT INTO `mydb`.`Comuna` (`id_comuna`, `id_pais`, `nombre_comuna`, `id_region`) VALUES (13122, 1, 'Peñalolén', 13);
INSERT INTO `mydb`.`Comuna` (`id_comuna`, `id_pais`, `nombre_comuna`, `id_region`) VALUES (13123, 1, 'Providencia', 13);
INSERT INTO `mydb`.`Comuna` (`id_comuna`, `id_pais`, `nombre_comuna`, `id_region`) VALUES (13124, 1, 'Pudahuel', 13);
INSERT INTO `mydb`.`Comuna` (`id_comuna`, `id_pais`, `nombre_comuna`, `id_region`) VALUES (13125, 1, 'Quilicura', 13);
INSERT INTO `mydb`.`Comuna` (`id_comuna`, `id_pais`, `nombre_comuna`, `id_region`) VALUES (13126, 1, 'Quinta Normal', 13);
INSERT INTO `mydb`.`Comuna` (`id_comuna`, `id_pais`, `nombre_comuna`, `id_region`) VALUES (13127, 1, 'Recoleta', 13);
INSERT INTO `mydb`.`Comuna` (`id_comuna`, `id_pais`, `nombre_comuna`, `id_region`) VALUES (13128, 1, 'Renca', 13);
INSERT INTO `mydb`.`Comuna` (`id_comuna`, `id_pais`, `nombre_comuna`, `id_region`) VALUES (13129, 1, 'San Joaquín', 13);
INSERT INTO `mydb`.`Comuna` (`id_comuna`, `id_pais`, `nombre_comuna`, `id_region`) VALUES (13130, 1, 'San Miguel', 13);
INSERT INTO `mydb`.`Comuna` (`id_comuna`, `id_pais`, `nombre_comuna`, `id_region`) VALUES (13131, 1, 'San Ramón', 13);
INSERT INTO `mydb`.`Comuna` (`id_comuna`, `id_pais`, `nombre_comuna`, `id_region`) VALUES (13132, 1, 'Vitacura', 13);
INSERT INTO `mydb`.`Comuna` (`id_comuna`, `id_pais`, `nombre_comuna`, `id_region`) VALUES (13201, 1, 'Puente Alto', 13);
INSERT INTO `mydb`.`Comuna` (`id_comuna`, `id_pais`, `nombre_comuna`, `id_region`) VALUES (13202, 1, 'Pirque', 13);
INSERT INTO `mydb`.`Comuna` (`id_comuna`, `id_pais`, `nombre_comuna`, `id_region`) VALUES (13203, 1, 'San José de Maipo', 13);
INSERT INTO `mydb`.`Comuna` (`id_comuna`, `id_pais`, `nombre_comuna`, `id_region`) VALUES (13301, 1, 'Colina', 13);
INSERT INTO `mydb`.`Comuna` (`id_comuna`, `id_pais`, `nombre_comuna`, `id_region`) VALUES (13302, 1, 'Lampa', 13);
INSERT INTO `mydb`.`Comuna` (`id_comuna`, `id_pais`, `nombre_comuna`, `id_region`) VALUES (13303, 1, 'Tiltil', 13);
INSERT INTO `mydb`.`Comuna` (`id_comuna`, `id_pais`, `nombre_comuna`, `id_region`) VALUES (13401, 1, 'San Bernardo', 13);
INSERT INTO `mydb`.`Comuna` (`id_comuna`, `id_pais`, `nombre_comuna`, `id_region`) VALUES (13402, 1, 'Buin', 13);
INSERT INTO `mydb`.`Comuna` (`id_comuna`, `id_pais`, `nombre_comuna`, `id_region`) VALUES (13403, 1, 'Calera de Tango', 13);
INSERT INTO `mydb`.`Comuna` (`id_comuna`, `id_pais`, `nombre_comuna`, `id_region`) VALUES (13404, 1, 'Paine', 13);
INSERT INTO `mydb`.`Comuna` (`id_comuna`, `id_pais`, `nombre_comuna`, `id_region`) VALUES (13501, 1, 'Melipilla', 13);
INSERT INTO `mydb`.`Comuna` (`id_comuna`, `id_pais`, `nombre_comuna`, `id_region`) VALUES (13502, 1, 'Alhué', 13);
INSERT INTO `mydb`.`Comuna` (`id_comuna`, `id_pais`, `nombre_comuna`, `id_region`) VALUES (13503, 1, 'Curacaví', 13);
INSERT INTO `mydb`.`Comuna` (`id_comuna`, `id_pais`, `nombre_comuna`, `id_region`) VALUES (13504, 1, 'María Pinto', 13);
INSERT INTO `mydb`.`Comuna` (`id_comuna`, `id_pais`, `nombre_comuna`, `id_region`) VALUES (13505, 1, 'San Pedro', 13);
INSERT INTO `mydb`.`Comuna` (`id_comuna`, `id_pais`, `nombre_comuna`, `id_region`) VALUES (13601, 1, 'Talagante', 13);
INSERT INTO `mydb`.`Comuna` (`id_comuna`, `id_pais`, `nombre_comuna`, `id_region`) VALUES (13602, 1, 'El Monte', 13);
INSERT INTO `mydb`.`Comuna` (`id_comuna`, `id_pais`, `nombre_comuna`, `id_region`) VALUES (13603, 1, 'Isla de Maipo', 13);
INSERT INTO `mydb`.`Comuna` (`id_comuna`, `id_pais`, `nombre_comuna`, `id_region`) VALUES (13604, 1, 'Padre Hurtado', 13);
INSERT INTO `mydb`.`Comuna` (`id_comuna`, `id_pais`, `nombre_comuna`, `id_region`) VALUES (13605, 1, 'Peñaflor', 13);
INSERT INTO `mydb`.`Comuna` (`id_comuna`, `id_pais`, `nombre_comuna`, `id_region`) VALUES (14101, 1, 'Valdivia', 14);
INSERT INTO `mydb`.`Comuna` (`id_comuna`, `id_pais`, `nombre_comuna`, `id_region`) VALUES (14102, 1, 'Corral', 14);
INSERT INTO `mydb`.`Comuna` (`id_comuna`, `id_pais`, `nombre_comuna`, `id_region`) VALUES (14103, 1, 'Lanco', 14);
INSERT INTO `mydb`.`Comuna` (`id_comuna`, `id_pais`, `nombre_comuna`, `id_region`) VALUES (14104, 1, 'Los Lagos', 14);
INSERT INTO `mydb`.`Comuna` (`id_comuna`, `id_pais`, `nombre_comuna`, `id_region`) VALUES (14105, 1, 'Máfil', 14);
INSERT INTO `mydb`.`Comuna` (`id_comuna`, `id_pais`, `nombre_comuna`, `id_region`) VALUES (14106, 1, 'Mariquina', 14);
INSERT INTO `mydb`.`Comuna` (`id_comuna`, `id_pais`, `nombre_comuna`, `id_region`) VALUES (14107, 1, 'Paillaco', 14);
INSERT INTO `mydb`.`Comuna` (`id_comuna`, `id_pais`, `nombre_comuna`, `id_region`) VALUES (14108, 1, 'Panguipulli', 14);
INSERT INTO `mydb`.`Comuna` (`id_comuna`, `id_pais`, `nombre_comuna`, `id_region`) VALUES (14201, 1, 'La Unión', 14);
INSERT INTO `mydb`.`Comuna` (`id_comuna`, `id_pais`, `nombre_comuna`, `id_region`) VALUES (14202, 1, 'Futrono', 14);
INSERT INTO `mydb`.`Comuna` (`id_comuna`, `id_pais`, `nombre_comuna`, `id_region`) VALUES (14203, 1, 'Lago Ranco', 14);
INSERT INTO `mydb`.`Comuna` (`id_comuna`, `id_pais`, `nombre_comuna`, `id_region`) VALUES (14204, 1, 'Río Bueno', 14);
INSERT INTO `mydb`.`Comuna` (`id_comuna`, `id_pais`, `nombre_comuna`, `id_region`) VALUES (15101, 1, 'Arica', 15);
INSERT INTO `mydb`.`Comuna` (`id_comuna`, `id_pais`, `nombre_comuna`, `id_region`) VALUES (15102, 1, 'Camarones', 15);
INSERT INTO `mydb`.`Comuna` (`id_comuna`, `id_pais`, `nombre_comuna`, `id_region`) VALUES (15201, 1, 'Putre', 15);
INSERT INTO `mydb`.`Comuna` (`id_comuna`, `id_pais`, `nombre_comuna`, `id_region`) VALUES (15202, 1, 'General Lagos', 15);

COMMIT;


-- -----------------------------------------------------
-- Data for table `mydb`.`Categorias`
-- -----------------------------------------------------
START TRANSACTION;
USE `mydb`;
INSERT INTO `mydb`.`Categorias` (`tipo`) VALUES ('Blazers');
INSERT INTO `mydb`.`Categorias` (`tipo`) VALUES ('Cardigans');
INSERT INTO `mydb`.`Categorias` (`tipo`) VALUES ('Vestidos');
INSERT INTO `mydb`.`Categorias` (`tipo`) VALUES ('Íntimos');
INSERT INTO `mydb`.`Categorias` (`tipo`) VALUES ('Jeans');
INSERT INTO `mydb`.`Categorias` (`tipo`) VALUES ('Una pieza');
INSERT INTO `mydb`.`Categorias` (`tipo`) VALUES ('Ropa de calle');
INSERT INTO `mydb`.`Categorias` (`tipo`) VALUES ('Pantalones');
INSERT INTO `mydb`.`Categorias` (`tipo`) VALUES ('Camizas');
INSERT INTO `mydb`.`Categorias` (`tipo`) VALUES ('Shorts');
INSERT INTO `mydb`.`Categorias` (`tipo`) VALUES ('Faldas');
INSERT INTO `mydb`.`Categorias` (`tipo`) VALUES ('Trajes');
INSERT INTO `mydb`.`Categorias` (`tipo`) VALUES ('Sweaters');
INSERT INTO `mydb`.`Categorias` (`tipo`) VALUES ('Trajes de baño');
INSERT INTO `mydb`.`Categorias` (`tipo`) VALUES ('Tops');
INSERT INTO `mydb`.`Categorias` (`tipo`) VALUES ('Chalecos');
INSERT INTO `mydb`.`Categorias` (`tipo`) VALUES ('Botas');
INSERT INTO `mydb`.`Categorias` (`tipo`) VALUES ('Zapatos de vestir');
INSERT INTO `mydb`.`Categorias` (`tipo`) VALUES ('Zapatos planos');
INSERT INTO `mydb`.`Categorias` (`tipo`) VALUES ('Tacones');
INSERT INTO `mydb`.`Categorias` (`tipo`) VALUES ('Plataforma');
INSERT INTO `mydb`.`Categorias` (`tipo`) VALUES ('Sandalias');
INSERT INTO `mydb`.`Categorias` (`tipo`) VALUES ('Zapatillas');
INSERT INTO `mydb`.`Categorias` (`tipo`) VALUES ('Bolsos');
INSERT INTO `mydb`.`Categorias` (`tipo`) VALUES ('Cinturones');
INSERT INTO `mydb`.`Categorias` (`tipo`) VALUES ('Broches de camisa');
INSERT INTO `mydb`.`Categorias` (`tipo`) VALUES ('Lentes');
INSERT INTO `mydb`.`Categorias` (`tipo`) VALUES ('Guantes');
INSERT INTO `mydb`.`Categorias` (`tipo`) VALUES ('Pelucas');
INSERT INTO `mydb`.`Categorias` (`tipo`) VALUES ('Gorros');
INSERT INTO `mydb`.`Categorias` (`tipo`) VALUES ('Joyería');
INSERT INTO `mydb`.`Categorias` (`tipo`) VALUES ('Leggings');
INSERT INTO `mydb`.`Categorias` (`tipo`) VALUES ('Bufandas');
INSERT INTO `mydb`.`Categorias` (`tipo`) VALUES ('Calcetines');
INSERT INTO `mydb`.`Categorias` (`tipo`) VALUES ('Tirantes');
INSERT INTO `mydb`.`Categorias` (`tipo`) VALUES ('Corbatas');
INSERT INTO `mydb`.`Categorias` (`tipo`) VALUES ('Sombrillas');
INSERT INTO `mydb`.`Categorias` (`tipo`) VALUES ('Billeteras');
INSERT INTO `mydb`.`Categorias` (`tipo`) VALUES ('Relojes');

COMMIT;

